告示番号,施設名,99,97,97（輸血以外の再掲）,03,02,01
1,札幌医科大学附属病院,-,-,-,20,-,-
2,北海道大学病院,-,-,-,14,-,-
3,旭川医科大学病院,-,-,-,24,-,-
4,弘前大学医学部附属病院,14,-,-,128,-,-
5,岩手医科大学附属病院,17,12,-,106,-,-
6,東北大学病院,10,-,-,18,-,-
7,秋田大学医学部附属病院,-,-,-,35,-,-
8,国立大学法人山形大学医学部附属病院,10,-,-,42,-,-
9,公立大学法人福島県立医科大学附属病院,-,-,-,53,-,-
10,筑波大学附属病院,-,-,-,13,-,-
11,自治医科大学附属病院,16,-,-,136,-,-
12,獨協医科大学病院,20,-,-,134,13,-
13,国立大学法人群馬大学医学部附属病院,-,-,-,20,-,-
14,埼玉医科大学病院,-,-,-,-,-,-
15,防衛医科大学校病院,10,-,-,25,-,-
16,千葉大学医学部附属病院,-,-,-,56,-,-
17,東京慈恵会医科大学附属病院,10,-,-,36,-,-
18,東京医科大学病院,-,-,-,79,-,-
19,東京女子医科大学病院,-,-,-,60,-,-
20,慶應義塾大学病院,-,-,-,64,-,-
21,日本医科大学付属病院,15,-,-,65,-,-
22,順天堂大学医学部附属順天堂医院,-,-,-,53,-,-
23,昭和大学病院,-,-,-,79,-,-
24,東邦大学医療センター大森病院,30,-,-,93,-,-
25,日本大学医学部附属板橋病院,11,-,-,115,-,-
26,帝京大学医学部附属病院,25,-,-,96,10,-
27,杏林大学医学部付属病院,23,-,-,67,17,-
28,独立行政法人　国立がん研究センター中央病院,-,-,-,-,-,-
29,東京医科歯科大学医学部附属病院,-,-,-,41,-,-
30,東京大学医学部附属病院,15,-,-,55,-,-
31,公立大学法人　横浜市立大学附属病院,-,-,-,10,-,-
32,北里大学病院,15,-,-,84,-,-
33,東海大学医学部付属病院,11,-,-,138,-,-
34,聖マリアンナ医科大学病院,17,-,-,67,-,-
35,新潟大学医歯学総合病院,-,-,-,20,-,-
36,国立大学法人富山大学附属病院,-,-,-,15,-,-
37,金沢医科大学病院,-,-,-,37,-,-
38,金沢大学附属病院,-,-,-,30,-,-
39,福井大学医学部附属病院,-,-,-,35,-,-
40,山梨大学医学部附属病院,-,-,-,67,-,-
41,国立大学法人　信州大学医学部附属病院,-,-,-,40,-,-
42,国立大学法人岐阜大学医学部附属病院,-,-,-,32,-,-
43,浜松医科大学医学部附属病院,-,-,-,15,-,-
44,名古屋市立大学病院,13,-,-,61,-,-
45,藤田保健衛生大学病院,33,-,-,135,-,-
46,愛知医科大学病院,-,-,-,54,-,-
47,名古屋大学医学部附属病院,-,-,-,39,-,-
48,国立大学法人三重大学医学部附属病院,-,-,-,30,-,-
49,滋賀医科大学医学部附属病院,-,-,-,31,18,-
50,京都府立医科大学附属病院,-,-,-,23,-,-
51,京都大学医学部附属病院,-,-,-,36,-,-
52,大阪医科大学附属病院,-,-,-,24,-,-
53,大阪市立大学医学部附属病院,-,-,-,19,-,-
54,関西医科大学附属枚方病院,46,-,-,102,-,-
55,近畿大学医学部附属病院,-,-,-,67,-,-
56,独立行政法人　国立循環器病研究センター,25,-,-,105,-,-
57,大阪大学医学部附属病院,-,-,-,13,-,-
58,兵庫医科大学病院,12,-,-,46,-,-
59,神戸大学医学部附属病院,-,-,-,36,-,-
60,奈良県立医科大学附属病院,-,-,-,119,-,-
61,和歌山県立医科大学附属病院,15,-,-,80,11,-
62,鳥取大学医学部附属病院,-,-,-,43,-,-
63,島根大学医学部附属病院,-,-,-,17,-,-
64,川崎医科大学附属病院,-,-,-,39,-,-
65,岡山大学病院,-,-,-,-,-,-
66,広島大学病院,-,-,-,21,-,-
67,山口大学医学部附属病院,-,-,-,57,-,-
68,徳島大学病院,-,-,-,25,-,-
69,香川大学医学部附属病院,-,-,-,19,-,-
70,愛媛大学医学部附属病院,-,-,-,-,-,-
71,高知大学医学部附属病院,-,-,-,12,-,-
72,福岡大学病院,-,-,-,53,-,-
73,久留米大学病院,10,-,-,51,-,-
74,産業医科大学病院,-,-,-,24,-,-
75,九州大学病院,-,-,-,28,-,-
76,佐賀大学医学部附属病院,-,-,-,53,-,-
77,長崎大学病院,-,-,-,24,-,-
78,熊本大学医学部附属病院,-,-,-,29,-,-
79,大分大学医学部附属病院,14,-,-,12,-,-
80,宮崎大学医学部附属病院,-,-,-,-,-,-
81,鹿児島大学病院,-,-,-,-,-,-
82,琉球大学医学部附属病院,-,-,-,-,-,-
83,社会医療法人　禎心会病院,-,-,-,-,-,-
84,北海道社会保険病院,-,-,-,23,-,-
85,札幌社会保険総合病院,-,-,-,15,-,-
86,手稲渓仁会病院,-,-,-,71,-,-
87,社会医療法人　母恋日鋼記念病院,-,-,-,-,-,-
88,社会医療法人　製鉄記念室蘭病院,-,-,-,56,-,-
89,仙台社会保険病院,-,-,-,-,-,-
90,東北厚生年金病院,-,-,-,25,-,-
91,宮城社会保険病院,-,-,-,-,-,-
92,独立行政法人国立病院機構仙台医療センター,12,-,-,19,-,-
93,財団法人竹田綜合病院,-,-,-,66,-,-
94,社会保険二本松病院,-,-,-,-,-,-
95,株式会社　日立製作所日立総合病院,-,-,-,78,-,-
96,筑波記念病院,13,-,-,19,-,-
97,社会保険　群馬中央総合病院,-,-,-,16,-,-
98,沼田脳神経外科循環器科病院,-,-,-,35,-,-
99,埼玉協同病院,-,-,-,-,-,-
100,社会保険　大宮総合病院,-,-,-,-,-,-
101,医療法人社団　東光会戸田中央総合病院,15,-,-,92,-,-
102,独立行政法人　国立病院機構　埼玉病院,14,-,-,88,-,-
103,医療法人鉄蕉会　亀田総合病院,19,-,-,101,-,-
104,独立行政法人　国立病院機構　千葉医療センター,-,-,-,14,-,-
105,社会保険中央総合病院,15,-,-,62,-,-
106,城東社会保険病院,-,-,-,-,-,-
107,東芝病院,-,-,-,-,-,-
108,東京医療生活協同組合中野総合病院,-,-,-,-,-,-
109,河北総合病院,-,-,-,57,-,-
110,社会保険横浜中央病院,-,-,-,17,-,-
111,川崎社会保険病院,-,-,-,-,-,-
112,南砺市民病院,-,-,-,-,-,-
113,金沢社会保険病院,-,-,-,-,-,-
114,社会保険山梨病院,-,-,-,15,-,-
115,岐阜社会保険病院,-,-,-,28,-,-
116,社会福祉法人聖隷福祉事業団　総合病院聖隷浜松病院,12,-,-,120,-,-
117,社会保険中京病院,10,-,-,65,-,-
118,医療法人社団洛和会洛和会音羽病院,-,-,-,40,-,-
119,医療法人橘会　東住吉森本病院,13,-,-,70,-,-
120,医療法人蒼龍会　井上病院,-,-,-,-,-,-
121,松下記念病院,-,-,-,16,-,-
122,健康保険組合連合会大阪中央病院,-,-,-,-,-,-
123,社会医療法人若弘会若草第一病院,-,-,-,-,-,-
124,星ヶ丘厚生年金病院,-,-,-,-,-,-
125,独立行政法人国立病院機構　大阪南医療センター,-,-,-,45,-,-
126,医療法人伯鳳会　赤穂中央病院,-,-,-,-,-,-
127,独立行政法人国立病院機構神戸医療センター,-,-,-,19,-,-
128,独立行政法人国立病院機構南和歌山医療センター,-,-,-,29,-,-
129,財団法人操風会岡山旭東病院,-,-,-,-,-,-
130,財団法人　倉敷中央病院,-,-,-,233,-,-
131,独立行政法人国立病院機構　岡山医療センター,-,-,-,45,-,-
132,マツダ株式会社　マツダ病院,-,-,-,-,-,-
133,綜合病院社会保険徳山中央病院,13,-,-,84,-,-
134,健康保険鳴門病院,-,-,-,26,-,-
135,聖マリア病院,-,-,-,75,-,-
136,社会保険　久留米第一病院,-,-,-,-,-,-
137,飯塚病院,16,-,-,152,-,-
138,独立行政法人国立病院機構　九州医療センター,11,-,-,53,-,-
139,佐賀社会保険病院,-,-,-,-,-,-
140,（総）健康保険諫早総合病院,-,-,-,38,-,-
141,健康保険八代総合病院,10,-,-,17,-,-
142,健康保険人吉総合病院,-,-,-,48,-,-
143,健康保険　天草中央総合病院,-,-,-,-,-,-
144,社会医療法人　敬愛会中頭病院,-,-,-,48,-,-
145,医療法人　医仁会　中村記念病院,-,-,-,-,-,-
146,勤医協中央病院,-,-,-,35,-,-
147,医療法人　北晨会　恵み野病院,-,-,-,39,-,-
148,旭川赤十字病院,14,-,-,49,-,-
149,市立旭川病院,14,-,-,77,-,-
150,社会医療法人孝仁会釧路孝仁会記念病院,-,-,-,35,-,-
151,北見赤十字病院,21,-,-,50,-,-
152,岩手県立中央病院,17,-,-,108,-,-
153,盛岡赤十字病院,-,-,-,-,-,-
154,財団法人宮城厚生協会坂総合病院,-,-,-,40,-,-
155,みやぎ県南中核病院,12,-,-,54,-,-
156,独立行政法人労働者健康福祉機構東北労災病院,-,-,-,-,-,-
157,仙台市立病院,-,-,-,25,-,-
158,本荘第一病院,-,-,-,-,-,-
159,社会福祉法人恩賜財団済生会山形済生病院,-,-,-,12,-,-
160,財団法人脳神経疾患研究所附属総合南東北病院,-,-,-,53,-,-
161,公立藤田総合病院,-,-,-,-,-,-
162,ＪＡとりで総合医療センター,11,-,-,48,-,-
163,筑波メディカルセンター病院,-,-,-,106,-,-
164,株式会社日立製作所ひたちなか総合病院,-,-,-,56,-,-
165,日本赤十字社栃木県支部足利赤十字病院,13,-,-,120,-,-
166,社会福祉法人恩賜財団済生会支部栃木県済生会　済生会宇都宮病院,28,-,-,158,-,-
167,前橋赤十字病院,-,-,-,59,-,-
168,公益財団法人脳血管研究所附属美原記念病院,-,-,-,-,-,-
169,伊勢崎市民病院,-,-,-,58,-,-
170,公立富岡総合病院,-,-,-,39,-,-
171,富士重工業健康保険組合　太田記念病院,-,-,-,62,-,-
172,館林厚生病院,-,-,-,52,-,-
173,埼玉社会保険病院,-,-,-,13,-,-
174,社会福祉法人　恩賜財団　済生会支部　埼玉県　済生会　川口総合病院,-,-,-,38,-,-
175,自治医科大学附属さいたま医療センター,40,-,-,155,-,-
176,獨協医科大学　越谷病院,-,-,-,57,-,-
177,医療法人社団　愛友会上尾中央総合病院,-,-,-,73,-,-
178,社会医療法人財団　石心会　狭山病院,-,-,-,185,-,-
179,社会医療法人　壮幸会行田総合病院,-,-,-,29,-,-
180,医療法人社団誠馨会千葉メディカルセンター,-,-,-,-,-,-
181,社団法人全国社会保険協会連合会　千葉社会保険病院,-,-,-,-,-,-
182,独立行政法人　労働者健康福祉機構　千葉労災病院,-,-,-,43,-,-
183,学校法人　順天堂　順天堂大学医学部附属浦安病院,18,-,-,84,-,-
184,医療法人社団圭春会小張総合病院,-,-,-,45,-,-
185,社会医療法人社団木下会　千葉西総合病院,11,-,-,153,-,-
186,日本医科大学千葉北総病院,17,-,-,116,-,-
187,財団法人　聖路加国際病院,-,-,-,91,-,-
188,国家公務員共済組合連合会　東京共済病院,-,-,-,-,-,-
189,日本赤十字社医療センター,-,-,-,26,-,-
190,医療法人社団　明芳会板橋中央総合病院,-,-,-,79,-,-
191,公益財団法人　東京都保健医療公社　豊島病院,-,-,-,51,-,-
192,公益財団法人東京都医療保健協会　練馬総合病院,12,-,-,-,-,-
193,社会福祉法人　仁生社江戸川病院,-,-,-,104,-,-
194,医療法人財団　岩井医療財団　岩井整形外科内科病院,-,-,-,-,-,-
195,青梅市立総合病院,-,-,-,72,-,-
196,日本赤十字社東京都支部　武蔵野赤十字病院,31,-,-,91,-,-
197,公立昭和病院,17,-,-,67,-,-
198,社会医療法人財団　大和会　東大和病院,14,-,-,57,-,-
199,公立大学法人　横浜市立大学附属市民総合医療センター,18,-,-,105,12,-
200,国家公務員共済組合連合会　横浜南共済病院,-,-,-,29,-,-
201,菊名記念病院,-,-,-,63,-,-
202,国家公務員共済組合連合会　横須賀共済病院,10,-,-,85,-,-
203,国家公務員共済組合連合会　平塚共済病院,-,-,-,54,-,-
204,医療法人　沖縄徳洲会湘南鎌倉総合病院,16,-,-,133,-,-
205,神奈川県厚生農業協同組合連合会　相模原協同病院,-,-,-,89,-,-
206,社会保険相模野病院,-,-,-,19,-,-
207,秦野赤十字病院,-,-,-,16,-,-
208,聖マリアンナ医科大学横浜市西部病院,-,-,-,18,-,-
209,昭和大学藤が丘病院,-,-,-,71,-,-
210,昭和大学横浜市北部病院,-,-,-,48,-,-
211,神奈川県厚生農業協同組合連合会　伊勢原協同病院,-,-,-,-,-,-
212,社会医療法人　ジャパンメディカルアライアンス　海老名総合病院,-,-,-,71,-,-
213,社会医療法人財団石心会　川崎幸病院,-,-,-,61,-,-
214,関東労災病院,-,-,-,49,-,-
215,帝京大学医学部附属溝口病院,-,-,-,13,-,-
216,横浜市立みなと赤十字病院,11,-,-,50,-,-
217,独立行政法人国立病院機構　横浜医療センター,-,-,-,50,-,-
218,済生会新潟第二病院,-,-,-,14,-,-
219,新潟労災病院,-,-,-,-,-,-
220,社会保険高岡病院,-,-,-,-,-,-
221,社会医療法人財団董仙会　恵寿総合病院,10,-,-,40,-,-
222,独立行政法人国立病院機構　金沢医療センター,-,-,-,21,-,-
223,福井県済生会病院,-,-,-,35,-,-
224,独立行政法人国立病院機構　甲府病院,-,-,-,-,-,-
225,長野赤十字病院,16,-,-,68,-,-
226,長野市民病院,-,-,-,25,-,-
227,社会医療法人財団　慈泉会　相澤病院,15,-,-,64,-,-
228,諏訪赤十字病院,11,-,-,59,10,-
229,長野県厚生農業協同組合連合会　佐久総合病院,16,-,-,73,11,-
230,独立行政法人国立病院機構　信州上田医療センター,-,-,-,44,-,-
231,岐阜県厚生農業協同組合連合会　中濃厚生病院,-,-,-,51,-,-
232,松波総合病院,-,-,-,31,-,-
233,高山赤十字病院,-,-,-,42,-,-
234,社団法人全国社会保険協会連合会　三島社会保険病院,-,-,-,-,-,-
235,静岡赤十字病院,-,-,-,-,-,-
236,藤枝市立総合病院,15,-,-,64,-,-
237,浜松医療センター,23,-,-,61,-,-
238,社会福祉法人聖隷福祉事業団　総合病院聖隷三方原病院,15,-,-,71,-,-
239,名古屋第一赤十字病院,18,-,-,84,11,-
240,国家公務員共済組合連合会　名城病院,16,-,-,54,-,-
241,みなと医療生活協同組合　協立総合病院,21,-,-,35,-,-
242,名古屋共立病院,-,-,-,26,-,-
243,独立行政法人労働者健康福祉機構　中部労災病院,-,-,-,63,-,-
244,大同病院,-,-,-,13,-,-
245,豊橋市民病院,18,-,-,57,-,-
246,総合大雄会病院,-,-,-,40,-,-
247,医療法人豊田会　刈谷豊田総合病院,11,-,-,106,-,-
248,トヨタ記念病院,31,-,-,76,-,-
249,独立行政法人国立病院機構　名古屋医療センター,11,-,-,88,-,-
250,四日市社会保険病院,-,-,-,16,-,-
251,鈴鹿回生病院,-,-,-,20,-,-
252,三重県厚生農業協同組合連合会松阪中央総合病院,-,-,-,58,-,-
253,市立伊勢総合病院,-,-,-,19,-,-
254,独立行政法人国立病院機構三重中央医療センター,-,-,-,41,-,-
255,大津赤十字病院,22,-,-,56,-,-
256,滋賀県立成人病センター,-,-,-,50,-,-
257,武田病院,-,-,-,24,-,-
258,社会福祉法人京都社会事業財団　京都桂病院,-,-,-,67,-,-
259,京都第二赤十字病院,-,-,-,60,-,-
260,京都第一赤十字病院,-,-,-,44,-,-
261,社会保険京都病院,-,-,-,14,-,-
262,独立行政法人国立病院機構京都医療センター,-,-,-,39,-,-
263,耳原総合病院,-,-,-,39,-,-
264,ベルランド総合病院,-,-,-,65,-,-
265,社会医療法人ペガサス馬場記念病院,-,-,-,12,-,-
266,府中病院,-,-,-,32,-,-
267,社会医療法人愛仁会高槻病院,-,-,-,21,-,-
268,社会医療法人愛仁会千船病院,-,-,-,15,-,-
269,大阪府立成人病センター,-,-,-,-,-,-
270,大阪警察病院,11,-,-,96,-,-
271,公益財団法人　日本生命済生会付属　日生病院,-,-,-,14,-,-
272,多根総合病院,-,-,-,23,-,-
273,特定医療法人美杉会佐藤病院,-,-,-,17,-,-
274,淀川キリスト教病院,-,-,-,39,-,-
275,一般財団法人　住友病院,10,-,-,30,-,-
276,公益財団法人　田附興風会　医学研究所　北野病院,16,-,-,29,-,-
277,社会医療法人　阪南医療福祉センター　阪南中央病院,-,-,-,-,-,-
278,富田林病院,-,-,-,-,-,-
279,医療法人　宝生会　ＰＬ病院,-,-,-,-,-,-
280,医療法人徳洲会　八尾徳洲会総合病院,-,-,-,49,-,-
281,社会医療法人医真会医真会八尾総合病院,-,-,-,31,-,-
282,大阪厚生年金病院,-,-,-,34,-,-
283,社会福祉法人恩賜財団大阪府済生会　中津病院,-,-,-,24,-,-
284,社会福祉法人恩賜財団大阪府済生会吹田病院,-,-,-,30,-,-
285,箕面市立病院,-,-,-,-,-,-
286,市立堺病院,-,-,-,70,-,-
287,市立池田病院,-,-,-,-,-,-
288,独立行政法人国立病院機構　大阪医療センター,-,-,-,25,-,-
289,西宮協立脳神経外科病院,-,-,-,-,-,-
290,笹生病院,-,-,-,25,-,-
291,明石医療センター,-,-,-,58,-,-
292,独立行政法人労働者健康福祉機構関西労災病院,-,-,-,46,-,-
293,総合病院　姫路聖マリア病院,-,-,-,-,-,-
294,兵庫県立姫路循環器病センター,24,-,-,202,10,-
295,姫路赤十字病院,-,-,-,26,-,-
296,赤穂市民病院,15,-,-,30,-,-
297,神戸アドベンチスト病院,-,-,-,12,-,-
298,社会保険　神戸中央病院,-,-,-,19,-,-
299,神戸赤十字病院,31,-,-,24,-,-
300,独立行政法人国立病院機構姫路医療センター,-,-,-,18,-,-
301,奈良社会保険病院,-,-,-,-,-,-
302,社会福祉法人恩賜財団済生会中和病院,-,-,-,-,-,-
303,橋本市民病院,-,-,-,34,-,-
304,島根県立中央病院,12,-,-,70,-,-
305,社会医療法人鴻仁会岡山中央病院,-,-,-,12,-,-
306,岡山済生会総合病院,-,-,-,-,-,-
307,総合病院　岡山赤十字病院,-,-,-,43,-,-
308,県立広島病院,-,-,-,47,-,-
309,国家公務員共済組合連合会　広島記念病院,-,-,-,-,-,-
310,国家公務員共済組合連合会　呉共済病院,-,-,-,52,-,-
311,独立行政法人国立病院機構　呉医療センター,-,-,-,43,-,-
312,独立行政法人国立病院機構　岩国医療センター,-,-,-,84,-,-
313,徳島県立中央病院,-,-,-,72,-,-
314,徳島赤十字病院,25,-,-,162,-,-
315,社会医療法人財団　大樹会　総合病院　回生病院,-,-,-,38,-,-
316,高松赤十字病院,-,-,-,30,-,-
317,独立行政法人　労働者健康福祉機構　香川労災病院,-,-,-,52,-,-
318,愛媛労災病院,-,-,-,19,-,-
319,社会医療法人　近森会近森病院,17,-,-,112,-,-
320,高知赤十字病院,-,-,-,74,-,-
321,医療法人　原三信病院,-,-,-,17,-,-
322,福岡市民病院,-,-,-,20,-,-
323,国家公務員共済組合連合会　浜の町病院,-,-,-,15,-,-
324,福岡県済生会福岡総合病院,-,-,-,91,-,-
325,福岡記念病院,-,-,-,22,-,-
326,公立学校共済組合　九州中央病院,10,-,-,31,-,-
327,公立八女総合病院,-,-,-,22,-,-
328,医療法人天神会　新古賀病院,15,-,-,120,-,-
329,医療法人社団高邦会高木病院,-,-,-,30,-,-
330,製鉄記念八幡病院,12,-,-,20,-,-
331,九州厚生年金病院,-,-,-,106,-,-
332,新行橋病院,-,-,-,33,-,-
333,医療法人　祐愛会　織田病院,-,-,-,-,-,-
334,佐賀県立病院好生館,-,-,-,65,-,-
335,独立行政法人国立病院機構　嬉野医療センター,-,-,-,30,-,-
336,社会医療法人財団　白十字会　佐世保中央病院,-,-,-,30,-,-
337,独立行政法人国立病院機構　長崎医療センター,-,-,-,33,-,-
338,長崎労災病院,-,-,-,-,-,-
339,長崎市立市民病院,-,-,-,60,-,-
340,市立大村市民病院,10,-,-,28,-,-
341,日本赤十字社　長崎原爆病院,-,-,-,10,-,-
342,（総）佐世保市立総合病院,-,-,-,90,-,-
343,独立行政法人国立病院機構熊本医療センター,18,-,-,93,-,-
344,熊本赤十字病院,16,-,-,140,-,-
345,熊本市立熊本市民病院,-,-,-,27,-,-
346,国家公務員共済組合連合会　熊本中央病院,-,-,-,51,-,-
347,国保　水俣市立総合医療センター,-,-,-,36,-,-
348,済生会熊本病院,19,-,-,147,-,-
349,大分岡病院,-,-,-,46,-,-
350,国家公務員共済組合連合会新別府病院,-,-,-,47,-,-
351,健康保険南海病院,12,-,-,40,-,-
352,公益社団法人　鹿児島共済会　南風病院,-,-,-,-,-,-
353,今村病院分院,-,-,-,-,-,-
354,今村病院,-,-,-,-,-,-
355,社会医療法人聖医会サザン・リージョン病院,-,-,-,-,-,-
356,川内市医師会立市民病院,-,-,-,15,-,-
357,社会医療法人仁愛会浦添総合病院,-,-,-,70,-,-
358,社会医療法人友愛会豊見城中央病院,-,-,-,33,-,-
359,社会医療法人　かりゆし会　ハートライフ病院,-,-,-,31,-,-
360,社会医療法人　北海道循環器病院,-,-,-,41,-,-
361,市立札幌病院,-,-,-,38,-,-
362,札幌南三条病院,-,-,-,-,-,-
363,医療法人　徳洲会　札幌東徳洲会病院,-,-,-,113,-,-
364,天使病院,-,-,-,-,-,-
365,ＫＫＲ札幌医療センター,-,-,-,66,-,-
366,社会医療法人　恵佑会札幌病院,-,-,-,-,-,-
367,医療法人　五月会　小笠原クリニック札幌病院,-,-,-,-,-,-
368,社会医療法人　北楡会札幌北楡病院,-,-,-,-,-,-
369,医療法人社団　碩心会心臓血管センター北海道大野病院,10,-,-,56,-,-
370,社会福祉法人　函館厚生院　函館五稜郭病院,11,-,-,80,-,-
371,函館中央病院,-,-,-,28,-,-
372,医療法人　雄心会　函館新都市病院,-,-,-,-,-,-
373,市立函館病院,-,-,-,70,-,-
374,医療法人　健康会　くにもと病院,-,-,-,-,-,-
375,総合病院　釧路赤十字病院,-,-,-,-,-,-
376,独立行政法人労働者健康福祉機構　釧路労災病院,-,-,-,-,-,-
377,社会医療法人　北斗　北斗病院,-,-,-,12,-,-
378,八戸市立市民病院,-,-,-,88,-,-
379,十和田市立中央病院,-,-,-,30,-,-
380,岩手県立久慈病院,-,-,-,21,-,-
381,石巻赤十字病院,-,-,-,54,-,-
383,宮城県立がんセンター,-,-,-,-,-,-
384,総合南東北病院,-,-,-,-,-,-
385,大崎市民病院,-,-,-,51,-,-
386,仙台赤十字病院,-,-,-,-,-,-
387,市立秋田総合病院,-,-,-,26,-,-
388,秋田赤十字病院,-,-,-,40,-,-
389,山形市立病院済生館,-,-,-,32,-,-
390,山形県立中央病院,-,-,-,99,-,-
391,財団法人三友堂病院,-,-,-,12,-,-
392,鶴岡市立荘内病院,13,-,-,41,-,-
393,あづま脳神経外科病院,-,-,-,-,-,-
394,財団法人　湯浅報恩会寿泉堂綜合病院,-,-,-,38,-,-
395,財団法人太田綜合病院附属太田西ノ内病院,-,-,-,79,-,-
396,水戸赤十字病院,-,-,-,10,-,-
397,社会福祉法人恩賜財団済生会　水戸済生会総合病院,-,-,-,64,-,-
398,株式会社　日立製作所多賀総合病院,-,-,-,-,-,-
399,総合病院土浦協同病院,22,-,-,144,-,-
400,友愛記念病院,-,-,-,24,-,-
401,龍ヶ崎済生会病院,10,-,-,24,-,-
402,医療法人　つくばセントラル病院,-,-,-,-,-,-
403,独立行政法人国立病院機構水戸医療センター,10,-,-,40,-,-
404,東京医科大学茨城医療センター,-,-,-,36,-,-
405,茨城西南医療センター病院,-,-,-,51,-,-
406,栃木県厚生農業協同組合連合会　下都賀総合病院,-,-,-,14,-,-
407,佐野厚生農業協同組合連合会　佐野厚生総合病院,-,-,-,37,-,-
408,上都賀厚生農業協同組合連合会　上都賀総合病院,-,-,-,-,-,-
409,国際医療福祉大学病院,-,-,-,13,-,-
410,医療法人　社団　日高会　日高病院,-,-,-,-,-,-
411,黒沢病院,-,-,-,-,-,-
412,公立藤岡総合病院,-,-,-,74,-,-
413,医療法人社団　協友会東大宮総合病院,-,-,-,10,-,-
414,医療法人　武蔵野総合病院,-,-,-,-,-,-
415,埼玉医科大学　総合医療センター,12,-,-,94,13,-
416,医療法人社団　誠弘会池袋病院,-,-,-,-,-,-
417,医療法人財団　明理会春日部中央総合病院,-,-,-,67,-,-
418,越谷市立病院,-,-,-,38,-,-
419,社会医療法人　ジャパンメディカルアライアンス　東埼玉総合病院,-,-,-,-,-,-
420,社会福祉法人　恩賜財団　済生会支部　埼玉県済生会　栗橋病院,12,-,-,96,-,-
421,医療法人財団　健和会みさと健和病院,-,-,-,18,-,-
422,医療法人　三愛会　三愛会総合病院,-,-,-,-,-,-
423,さいたま赤十字病院,15,-,-,94,-,-
424,深谷赤十字病院,-,-,-,82,-,-
425,千葉県がんセンター,-,-,-,-,-,-
426,医療法人社団誠馨会千葉中央メディカルセンター,-,-,-,102,-,-
427,医療法人社団愛友会津田沼中央総合病院,-,-,-,-,-,-
428,国保直営総合病院　君津中央病院,-,-,-,86,-,-
429,総合病院　国保旭中央病院,14,-,-,148,-,-
430,学校法人慈恵大学　東京慈恵会医科大学附属柏病院,15,-,-,62,-,-
431,医療法人財団明理会新松戸中央総合病院,-,-,-,15,-,-
432,医療法人財団明理会行徳総合病院,-,-,-,-,-,-
433,東京歯科大学市川総合病院,50,-,-,79,-,-
434,社団法人全国社会保険協会連合会　社会保険船橋中央病院,-,-,-,-,-,-
435,医療法人沖縄徳洲会千葉徳洲会病院,16,-,-,19,-,-
436,日本赤十字社　成田赤十字病院,13,-,-,85,-,-
437,虎の門病院,-,-,-,30,-,-
438,東京都済生会中央病院,12,-,-,56,-,-
439,国際医療福祉大学三田病院,-,-,-,-,-,-
440,東京厚生年金病院,-,-,-,19,-,-
441,公益財団法人　東京都保健医療公社　大久保病院,-,-,-,-,-,-
442,公益財団法人ライフ・エクステンション研究所付属　永寿総合病院,-,-,-,-,-,-
443,社会福祉法人　賛育会賛育会病院,-,-,-,-,-,-
444,医療法人社団　順江会江東病院,11,-,-,-,-,-
445,医療法人社団　藤﨑病院,-,-,-,-,-,-
446,東京労災病院,-,-,-,15,-,-
447,日本赤十字社東京都支部　大森赤十字病院,13,-,-,32,-,-
448,社会保険蒲田総合病院,-,-,-,-,-,-
449,医療法人社団　七仁会田園調布中央病院,-,-,-,-,-,-
450,財団法人　日産厚生会玉川病院,-,-,-,-,-,-
451,伊藤病院,-,-,-,-,-,-
452,立正佼成会附属佼成病院,-,-,-,-,-,-
453,医療法人財団　健貢会総合東京病院,-,-,-,-,-,-
454,東京警察病院,22,-,-,65,-,-
455,医療法人財団　アドベンチスト会　東京衛生病院,-,-,-,-,-,-
456,東京都立大塚病院,-,-,-,17,-,-
457,医療法人財団　明理会明理会中央総合病院,-,-,-,45,-,-
458,学校法人　順天堂　順天堂大学医学部附属練馬病院,-,-,-,54,-,-
459,東京慈恵会医科大学葛飾医療センター,-,-,-,30,-,-
460,医療法人社団　明芳会新葛飾病院,-,-,-,-,-,-
461,医療法人社団　直和会平成立石病院,-,-,-,-,-,-
462,東海大学八王子病院,-,-,-,100,-,-
463,国家公務員共済組合連合会　立川病院,-,-,-,19,-,-
464,立川相互病院,-,-,-,19,-,-
465,社会医療法人社団　正志会南町田病院,-,-,-,20,-,-
466,東京慈恵会医科大学附属第三病院,-,-,-,20,-,-
467,独立行政法人　国立病院機構　東京医療センター,17,-,-,81,-,-
468,聖隷横浜病院,-,-,-,40,-,-
469,独立行政法人労働者健康福祉機構　横浜労災病院,-,-,-,67,-,-
470,医療法人柏堤会（財団）戸塚共立第２病院,-,-,-,10,-,-
471,西横浜国際総合病院,-,-,-,-,-,-
472,医療法人財団明理会東戸塚記念病院,-,-,-,-,-,-
473,医療法人　沖縄徳洲会葉山ハートセンター,-,-,-,24,-,-
474,横須賀市立市民病院,11,-,-,44,-,-
475,横須賀市立うわまち病院,10,-,-,84,-,-
476,平塚市民病院,-,-,-,24,-,-
477,藤沢市民病院,-,-,-,101,-,-
478,小田原市立病院,-,-,-,52,-,-
479,医療法人尽誠会　山近記念総合病院,-,-,-,12,-,-
480,医療法人社団相和会渕野辺総合病院,-,-,-,-,-,-
481,東名厚木病院,-,-,-,31,-,-
482,恩賜財団済生会　横浜市南部病院,11,-,-,72,-,-
483,医療法人社団明芳会横浜旭中央総合病院,-,-,-,57,-,-
484,医療法人社団恵生会上白根病院,-,-,-,-,-,-
485,医療法人社団三喜会横浜新緑総合病院,-,-,-,-,-,-
486,国家公務員共済組合連合会　横浜栄共済病院,-,-,-,50,-,-
487,医療法人社団明芳会横浜新都市脳神経外科病院,-,-,-,-,-,-
488,国家公務員共済組合連合会　虎の門病院分院,-,-,-,-,-,-
489,横浜市立市民病院,16,-,-,77,-,-
490,神奈川県立がんセンター,-,-,-,-,-,-
491,長岡赤十字病院,-,-,-,31,-,-
492,新潟県厚生農業協同組合連合会　長岡中央綜合病院,-,-,-,42,-,-
493,富山市立　富山市民病院,-,-,-,35,-,-
494,富山赤十字病院,-,-,-,37,-,-
495,富山県厚生農業協同組合連合会高岡病院,-,-,-,44,-,-
496,富山県済生会高岡病院,-,-,-,13,-,-
497,社団法人石川勤労者医療協会　城北病院,-,-,-,-,-,-
498,伊藤病院,-,-,-,-,-,-
499,公立能登総合病院,-,-,-,24,-,-
500,やわたメディカルセンター,-,-,-,-,-,-
501,山中温泉医療センター,-,-,-,-,-,-
502,公立羽咋病院,15,-,-,-,-,-
503,公立松任石川中央病院,-,-,-,70,-,-
504,医療法人社団和楽仁芳珠記念病院,-,-,-,-,-,-
505,福井総合病院,-,-,-,-,-,-
506,福井社会保険病院,-,-,-,-,-,-
507,甲府共立病院,-,-,-,53,-,-
508,社会保険鰍沢病院,-,-,-,-,-,-
509,山梨赤十字病院,-,-,-,34,-,-
510,長野県厚生農業協同組合連合会　長野松代総合病院,-,-,-,24,-,-
511,長野県厚生農業協同組合連合会　篠ノ井総合病院,-,-,-,62,-,-
512,長野県厚生農業協同組合連合会　小諸厚生総合病院,-,-,-,36,-,-
513,長野県厚生農業協同組合連合会　北信総合病院,-,-,-,27,-,-
514,佐久市立国保浅間総合病院,-,-,-,-,-,-
515,長野県厚生農業協同組合連合会　下伊那厚生病院,-,-,-,-,-,-
516,長野県厚生農業協同組合連合会　安曇総合病院,-,-,-,-,-,-
517,岐阜市民病院,-,-,-,58,-,-
518,羽島市民病院,-,-,-,25,-,-
519,公立学校共済組合　東海中央病院,-,-,-,37,-,-
520,岐阜県厚生農業協同組合連合会　岐北厚生病院,-,-,-,14,-,-
521,社会医療法人厚生会木沢記念病院,-,-,-,48,-,-
522,岐阜県厚生農業協同組合連合会　東濃厚生病院,-,-,-,-,-,-
523,大垣市民病院,-,-,-,156,-,-
524,岐阜県厚生農業協同組合連合会　久美愛厚生病院,-,-,-,10,-,-
525,国際医療福祉大学熱海病院,12,-,-,11,-,-
526,財団法人芙蓉協会　聖隷沼津病院,-,-,-,-,-,-
527,沼津市立病院,-,-,-,31,-,-
528,社団法人全国社会保険協会連合会　社会保険桜ケ丘総合病院,-,-,-,-,-,-
529,社会福祉法人恩賜財団済生会支部静岡県済生会　静岡済生会総合病院,-,-,-,44,-,-
530,静岡県立総合病院,15,-,-,81,-,-
531,医療法人社団平成会藤枝平成記念病院,-,-,-,-,-,-
532,市立島田市民病院,11,-,-,53,-,-
533,独立行政法人　国立病院機構　静岡医療センター,12,-,-,82,-,-
534,愛知県がんセンター中央病院,-,-,-,-,-,-
535,社会福祉法人聖霊会聖霊病院,-,-,-,-,-,-
536,名古屋第二赤十字病院,20,-,-,92,-,-
537,名古屋掖済会病院,32,-,-,78,-,-
538,総合病院　南生協病院,-,-,-,35,-,-
539,成田記念病院,-,-,-,-,-,-
540,大雄会第一病院,-,-,-,-,-,-
541,一宮西病院,-,-,-,58,-,-
542,小牧市民病院,-,-,-,41,-,-
543,独立行政法人労働者健康福祉機構　旭労災病院,-,-,-,18,-,-
544,地方独立行政法人桑名市総合医療センター　桑名南医療センター,-,-,-,30,-,-
545,市立四日市病院,12,-,-,98,-,-
546,松阪市民病院,-,-,-,29,-,-
547,社会福祉法人恩賜財団済生会松阪総合病院,-,-,-,33,-,-
548,伊勢赤十字病院,21,-,-,91,-,-
549,県立志摩病院,-,-,-,-,-,-
550,社会保険滋賀病院,-,-,-,-,-,-
551,市立長浜病院,12,-,-,-,-,-
552,社会福祉法人恩賜財団済生会滋賀県病院,-,-,-,38,-,-
553,医療法人社団洛和会洛和会丸太町病院,-,-,-,27,-,-
554,公益社団法人京都保健会　京都民医連中央病院,-,-,-,18,-,-
555,医療法人社団　恵心会京都武田病院,-,-,-,-,-,-
557,医療法人医仁会　武田総合病院,-,-,-,42,-,-
558,宇治武田病院,-,-,-,-,-,-
559,一般社団法人愛生会山科病院,-,-,-,-,-,-
560,公立南丹病院,-,-,-,37,-,-
561,国家公務員共済組合連合会　舞鶴共済病院,-,-,-,29,-,-
562,社会福祉法人恩賜財団済生会京都府病院,-,-,-,15,-,-
563,独立行政法人労働者健康福祉機構　大阪労災病院,63,-,-,120,-,-
564,医療法人いずみ会　阪堺病院,-,-,-,-,-,-
565,関西電力病院,-,-,-,19,-,-
566,医療法人協仁会　小松病院,-,-,-,-,-,-
567,高槻赤十字病院,13,-,-,30,-,-
568,医療法人祐生会　みどりヶ丘病院,-,-,-,-,-,-
569,医療法人仙養会　北摂総合病院,-,-,-,50,-,-
570,医療法人大植会　葛城病院,-,-,-,-,-,-
571,医療法人徳洲会　岸和田徳洲会病院,11,-,-,89,12,-
572,市立吹田市民病院,-,-,-,-,-,-
573,大阪赤十字病院,-,-,-,70,-,-
574,ＮＴＴ西日本大阪病院,-,-,-,-,-,-
575,医療法人寿楽会　大野記念病院,-,-,-,-,-,-
576,医療法人錦秀会　阪和記念病院,-,-,-,-,-,-
577,医療法人錦秀会　阪和住吉総合病院,-,-,-,-,-,-
578,医療法人育和会　育和会記念病院,-,-,-,22,-,-
579,社会福祉法人恩賜財団大阪府済生会泉尾病院,-,-,-,27,-,-
580,関西医科大学附属滝井病院,13,-,-,45,-,-
581,医療法人永広会　島田病院,-,-,-,-,-,-
582,財団法人　大阪脳神経外科病院,-,-,-,-,-,-
583,社会医療法人協和会加納総合病院,-,-,-,-,-,-
584,医療法人徳洲会　松原徳洲会病院,-,-,-,56,-,-
585,医療法人竹村医学研究会　小阪産病院,-,-,-,-,-,-
586,社会医療法人景岳会南大阪病院,-,-,-,25,-,-
587,国家公務員共済組合連合会　枚方公済病院,18,-,-,108,-,-
588,社会福祉法人恩賜財団大阪府済生会野江病院,-,-,-,69,-,-
589,りんくう総合医療センター,-,-,-,84,-,-
590,市立豊中病院,13,-,-,54,-,-
591,東大阪市立総合病院,30,-,-,37,-,-
592,八尾市立病院,-,-,-,26,-,-
593,一般財団法人　甲南会　六甲アイランド甲南病院,-,-,-,35,-,-
594,医療法人慈恵会　新須磨病院,-,-,-,-,-,-
595,社会医療法人渡邊高記念会　西宮渡辺病院,-,-,-,-,-,-
596,宝塚市立病院,-,-,-,14,-,-
597,兵庫県立淡路病院,-,-,-,63,-,-
598,市立小野市民病院,-,-,-,-,-,-
599,あさぎり病院,-,-,-,-,-,-
600,大西脳神経外科病院,-,-,-,-,-,-
601,加古川東市民病院,11,-,-,143,-,-
602,兵庫県立尼崎病院,13,-,-,47,-,-
603,医療法人協和会協立病院,-,-,-,-,-,-
604,医療法人晋真会　ベリタス病院,-,-,-,14,-,-
605,公立学校共済組合近畿中央病院,-,-,-,11,-,-
606,公立豊岡病院組合立豊岡病院,14,-,-,48,-,-
607,済生会　兵庫県病院,-,-,-,-,-,-
608,独立行政法人労働者健康福祉機構神戸労災病院,-,-,-,35,-,-
609,医療法人新生会総合病院高の原中央病院,-,-,-,17,-,-
610,社会福祉法人恩賜財団済生会奈良病院,-,-,-,-,-,-
611,近畿大学医学部奈良病院,-,-,-,33,-,-
612,国保中央病院,-,-,-,-,-,-
613,医療法人　平成記念病院,-,-,-,-,-,-
614,公立那賀病院,-,-,-,22,-,-
615,国保日高総合病院,-,-,-,-,-,-
616,鳥取県立中央病院,-,-,-,59,-,-
617,鳥取市立病院,-,-,-,-,-,-
618,松江赤十字病院,-,-,-,56,-,-
619,独立行政法人国立病院機構　浜田医療センター,-,-,-,31,-,-
620,総合病院　岡山協立病院,-,-,-,13,-,-
621,総合病院　水島協同病院,-,-,-,-,-,-
622,津山中央病院,12,-,-,101,-,-
623,医療法人社団清和会笠岡第一病院,-,-,-,-,-,-
624,独立行政法人労働者健康福祉機構　岡山労災病院,-,-,-,13,-,-
625,中国電力　株式会社中電病院,-,-,-,-,-,-
626,広島市立広島市民病院,10,-,-,118,-,-
627,医療法人　あかね会土谷総合病院,10,-,-,111,-,-
628,広島赤十字・原爆病院,-,-,-,18,-,-
629,翠清会梶川病院,-,-,-,-,-,-
630,医療法人社団おると会浜脇整形外科病院,-,-,-,-,-,-
631,広島市立安佐市民病院,-,-,-,87,-,-
632,医療法人社団　一陽会原田病院,-,-,-,-,-,-
633,独立行政法人　労働者健康福祉機構　中国労災病院,-,-,-,27,-,-
634,医療法人社団仁慈会安田病院,-,-,-,14,-,-
635,総合病院　三原赤十字病院,-,-,-,-,-,-
636,広島県厚生農業協同組合連合会　尾道総合病院,-,-,-,43,-,-
637,尾道市立市民病院,13,-,-,37,-,-
638,福山市民病院,-,-,-,104,-,-
639,社会保険下関厚生病院,-,-,-,31,-,-
640,綜合病院　山口赤十字病院,-,-,-,-,-,-
641,岩国市医療センター医師会病院,-,-,-,-,-,-
642,独立行政法人労働者健康福祉機構　山口労災病院,10,-,-,48,-,-
643,徳島市民病院,-,-,-,-,-,-
644,総合病院　坂出市立病院,-,-,-,16,-,-
645,国家公務員共済組合連合会　高松病院,-,-,-,82,-,-
646,独立行政法人　国立病院機構　香川小児病院,-,-,-,-,-,-
647,独立行政法人　国立病院機構　善通寺病院,-,-,-,-,-,-
648,社会福祉法人　恩賜財団　済生会松山病院,-,-,-,-,-,-
649,松山赤十字病院,16,-,-,52,-,-
650,JA高知病院,-,-,-,-,-,-
651,福岡和白病院,-,-,-,47,-,-
652,千鳥橋病院,-,-,-,36,-,-
653,宗像医師会病院,-,-,-,-,-,-
654,西福岡病院,-,-,-,-,-,-
655,福岡市立こども病院・感染症センター,-,-,-,-,-,-
656,社会医療法人財団白十字会　白十字病院,17,-,-,38,-,-
657,福岡赤十字病院,17,-,-,45,-,-
658,医療法人　徳洲会　福岡徳洲会病院,-,-,-,98,-,-
659,福岡県済生会二日市病院,-,-,-,44,-,-
660,福岡大学筑紫病院,-,-,-,20,-,-
661,医療法人　天神会　古賀病院21,-,-,-,-,-,-
662,筑後市立病院,15,-,-,-,-,-
663,医療法人社団シマダ嶋田病院,-,-,-,-,-,-
664,医療法人聖峰会　田主丸中央病院,-,-,-,10,-,-
665,大牟田市立病院,-,-,-,-,-,-
666,医療法人　親仁会　米の山病院,-,-,-,-,-,-
667,社会保険田川病院,-,-,-,-,-,-
668,福岡新水巻病院,13,-,-,29,-,-
669,戸畑共立病院,-,-,-,-,-,-
670,社会医療法人　陽明会小波瀬病院,-,-,-,-,-,-
671,新小文字病院,-,-,-,29,-,-
672,健和会　大手町病院,-,-,-,10,-,-
673,北九州総合病院,-,-,-,-,-,-
674,やよいがおか鹿毛病院,-,-,-,-,-,-
675,白石共立病院,-,-,-,-,-,-
676,社会福祉法人　恩賜財団　済生会唐津病院,-,-,-,25,-,-
677,社会医療法人　長崎記念病院,-,-,-,-,-,-
678,医療法人伴帥会　愛野記念病院,-,-,-,-,-,-
679,医療法人栄和会　泉川病院,-,-,-,45,-,-
680,独立行政法人国立病院機構　長崎川棚医療センター,-,-,-,-,-,-
681,国家公務員共済組合連合会　佐世保共済病院,-,-,-,-,-,-
682,社会福祉法人恩賜財団済生会支部　済生会長崎病院,-,-,-,17,-,-
683,長崎県島原病院,-,-,-,-,-,-
684,熊本機能病院,-,-,-,-,-,-
685,高野病院,-,-,-,-,-,-
686,社会医療法人社団熊本丸田会　熊本整形外科病院,-,-,-,-,-,-
687,社会医療法人社団熊本丸田会　熊本リハビリテーション病院,-,-,-,-,-,-
688,独立行政法人労働者健康福祉機構熊本労災病院,-,-,-,33,-,-
689,公立玉名中央病院,-,-,-,15,-,-
690,社会医療法人財団天心堂へつぎ病院,-,-,-,-,-,-
691,川嶌整形外科病院,-,-,-,-,-,-
692,中津市立中津市民病院,-,-,-,53,-,-
693,大分赤十字病院,-,-,-,21,-,-
694,大分県立病院,-,-,-,33,-,-
695,（財）潤和リハビリテーション振興財団潤和会記念病院,-,-,-,-,-,-
696,医療法人同心会古賀総合病院,-,-,-,-,-,-
697,県立延岡病院,29,-,-,111,-,-
698,今給黎総合病院,-,-,-,-,-,-
699,整形外科　米盛病院,-,-,-,-,-,-
700,相良病院,-,-,-,-,-,-
701,小倉記念病院,-,-,-,-,-,-
702,池田病院,-,-,-,-,-,-
703,出水郡医師会立　阿久根市民病院,-,-,-,28,-,-
704,出水総合医療センター,-,-,-,-,-,-
705,独立行政法人　国立病院機構　鹿児島医療センター,17,-,-,96,13,-
706,医療法人おもと会　大浜第一病院,-,-,-,36,-,-
707,地方独立行政法人　那覇市立病院,14,-,-,45,-,-
708,沖縄協同病院,-,-,-,32,-,-
709,中部徳洲会病院,22,-,-,36,-,-
710,社団法人北部地区医師会病院,-,-,-,-,-,-
711,医療法人　沖縄徳洲会南部徳洲会病院,-,-,-,30,-,-
712,沖縄県立中部病院,14,-,-,68,-,-
713,沖縄赤十字病院,-,-,-,18,-,-
714,沖縄県立北部病院,13,-,-,21,-,-
715,沖縄県立南部医療センター・こども医療センター,-,-,-,22,-,-
716,ＫＫＲ札幌医療センター　斗南病院,-,-,-,-,-,-
717,ＪＡ北海道厚生連　札幌厚生病院,-,-,-,24,-,-
718,医療法人社団　北腎会坂泌尿器科病院,-,-,-,-,-,-
719,北光記念病院,-,-,-,36,-,-
720,医療法人社団愛心館愛心メモリアル病院,-,-,-,28,10,-
721,医療法人　柏葉脳神経外科病院,-,-,-,-,-,-
722,医療法人　徳洲会　札幌徳洲会病院,-,-,-,-,-,-
723,社会医療法人　恵和会西岡病院,-,-,-,-,-,-
724,医療法人社団　エス・エス・ジェイ　札幌整形循環器病院,-,-,-,15,-,-
725,社会医療法人　康和会札幌しらかば台病院,-,-,-,-,-,-
726,医療法人社団明生会琴似ロイヤル病院,-,-,-,-,-,-
727,社会医療法人禎心会新札幌恵愛会病院,-,-,-,-,-,-
728,医療法人　渓和会　江別病院,-,-,-,16,-,-
729,市立千歳市民病院,-,-,-,33,-,-
730,医療法人社団　我汝会えにわ病院,-,-,-,-,-,-
731,函館市医師会病院,-,-,-,-,-,-
732,社会福祉法人　北海道社会事業協会　小樽病院,-,-,-,36,-,-
733,ＪＡ北海道厚生連　倶知安厚生病院,-,-,-,-,-,-
734,ＪＡ北海道厚生連　旭川厚生病院,-,-,-,39,-,-
735,名寄市立総合病院,-,-,-,46,-,-
736,医療法人社団　平成醫塾　苫小牧東病院,-,-,-,-,-,-
737,王子総合病院,-,-,-,43,-,-
738,苫小牧市立病院,-,-,-,46,-,-
739,市立釧路総合病院,12,-,-,61,-,-
740,ＪＡ北海道厚生連　帯広厚生病院,-,-,-,36,-,-
741,社会福祉法人　北海道社会事業協会　帯広病院,-,-,-,19,-,-
742,ＪＡ北海道厚生連　網走厚生病院,-,-,-,42,-,-
743,社会医療法人　明生会網走脳神経外科・リハビリテーション病院,-,-,-,-,-,-
744,ＪＡ北海道厚生連　遠軽厚生病院,-,-,-,28,-,-
745,独立行政法人労働者健康福祉機構　北海道中央労災病院,-,-,-,22,-,-
746,留萌市立病院,-,-,-,13,-,-
747,砂川市立病院,17,-,-,54,-,-
748,滝川市立病院,-,-,-,17,-,-
749,独立行政法人国立病院機構　旭川医療センター,-,-,-,-,-,-
750,社団法人慈恵会　青森慈恵会病院,-,-,-,-,-,-
751,独立行政法人労働者健康福祉機構　青森労災病院,-,-,-,-,-,-
752,八戸赤十字病院,-,-,-,25,-,-
753,八戸平和病院,-,-,-,-,-,-
754,岩手県立大船渡病院,-,-,-,41,-,-
755,岩手県立磐井病院,22,-,-,39,-,-
756,岩手県立二戸病院,-,-,-,21,-,-
757,岩手県立胆沢病院,-,-,-,40,-,-
758,公立刈田綜合病院,-,-,-,-,-,-
759,一般財団法人厚生会仙台厚生病院,-,-,-,252,-,-
760,公益財団法人仙台市医療センター仙台オープン病院,10,-,-,63,-,-
761,中嶋病院,-,-,-,-,-,-
762,財団法人宮城県成人病予防協会附属　仙台循環器病センター,-,-,-,36,-,-
763,医療法人徳洲会仙台徳洲会病院,-,-,-,37,-,-
764,医療法人松田会松田病院,-,-,-,-,-,-
765,社会医療法人明和会中通総合病院,-,-,-,45,-,-
766,秋田組合総合病院,13,-,-,60,-,-
767,市立横手病院,-,-,-,-,-,-
768,平鹿総合病院,-,-,-,59,-,-
769,由利組合総合病院,-,-,-,29,-,-
770,仙北組合総合病院,12,-,-,-,-,-
771,公立学校共済組合東北中央病院,-,-,-,-,-,-
772,米沢市立病院,-,-,-,24,-,-
773,日本海総合病院,10,-,-,41,-,-
774,山形県立河北病院,19,-,-,-,-,-
775,公立置賜総合病院,-,-,-,42,-,-
776,財団法人大原綜合病院,-,-,-,-,-,-
777,綜合病院福島赤十字病院,-,-,-,54,-,-
778,財団法人脳神経疾患研究所附属　南東北福島病院,-,-,-,-,-,-
779,済生会福島総合病院,-,-,-,20,-,-
780,福島県立会津総合病院,-,-,-,-,-,-
781,財団法人星総合病院,-,-,-,39,-,-
782,独立行政法人労働者健康福祉機構福島労災病院,-,-,-,25,-,-
783,福島県厚生農業協同組合連合会白河厚生総合病院,-,-,-,35,-,-
784,公立岩瀬病院,-,-,-,-,-,-
785,北福島医療センター,-,-,-,-,-,-
786,医療法人　聖麗会　聖麗メモリアル病院,-,-,-,-,-,-
787,医療法人茨城愛心会古河病院,-,-,-,-,-,-
788,公益社団法人　地域医療振興協会　石岡第一病院,-,-,-,-,-,-
789,北茨城市立総合病院,-,-,-,-,-,-
790,茨城県立中央病院,12,-,-,65,-,-
791,牛久愛和総合病院,-,-,-,36,-,-
792,財団法人筑波麓仁会筑波学園病院,-,-,-,-,-,-
793,医療法人社団　光仁会総合守谷第一病院,-,-,-,33,-,-
794,守谷慶友病院,-,-,-,-,-,-
795,医療法人　博仁会　志村大宮病院,-,-,-,-,-,-
796,常陸大宮済生会病院,-,-,-,14,-,-
797,独立行政法人　労働者健康福祉機構　鹿島労災病院,-,-,-,-,-,-
798,なめがた地域総合病院,-,-,-,-,-,-
799,村立東海病院,-,-,-,-,-,-
800,社会医療法人恵生会黒須病院,-,-,-,-,-,-
801,日本赤十字社栃木県支部那須赤十字病院,11,-,-,46,-,-
802,栃木県立がんセンター,-,-,-,-,-,-
803,群馬県済生会前橋病院,-,-,-,48,-,-
804,財団法人　老年病研究所附属病院,-,-,-,-,-,-
805,北関東循環器病院,-,-,-,45,-,-
806,西吾妻福祉病院,-,-,-,-,-,-
807,桐生厚生総合病院,-,-,-,12,-,-
808,独立行政法人国立病院機構高崎総合医療センター,-,-,-,50,-,-
809,医療法人　新青会　川口工業総合病院,-,-,-,56,-,-
810,医療法人社団　協友会東川口病院,-,-,-,-,-,-
811,川口市立医療センター,-,-,-,78,-,-
812,医療法人　豊仁会　三井病院,-,-,-,-,-,-
813,医療法人社団　尚篤会赤心堂病院,-,-,-,-,-,-
814,医療法人社団　哺育会　白岡中央総合病院,-,-,-,-,-,-
815,秀和綜合病院,-,-,-,32,-,-
816,春日部市立病院,-,-,-,17,-,-
817,越谷誠和病院,-,-,-,-,-,-
818,医療法人社団　協友会八潮中央総合病院,-,-,-,-,-,-
819,医療法人社団　愛友会三郷中央総合病院,-,-,-,36,-,-
820,医療法人　一心会　伊奈病院,-,-,-,-,-,-
821,医療法人社団　朝霞台中央総合病院,-,-,-,-,-,-
822,医療法人社団　明芳会イムス三芳総合病院,-,-,-,-,-,-
823,社会医療法人至仁会　圏央所沢病院,-,-,-,-,-,-
824,医療法人財団　明理会イムス富士見総合病院,-,-,-,50,-,-
825,埼玉慈恵病院,-,-,-,-,-,-
826,埼玉県厚生農業協同組合連合会　熊谷総合病院,-,-,-,-,-,-
827,埼玉県立循環器・呼吸器病センター,-,-,-,182,-,-
828,医療法人　埼玉成恵会病院,-,-,-,-,-,-
829,埼玉医療生活協同組合羽生総合病院,10,-,-,17,-,-
830,医療法人社団　武蔵野会　新座志木中央総合病院,11,-,-,72,-,-
831,北里大学北里研究所メディカルセンター病院,14,-,-,23,-,-
832,医療法人　一心会　蓮田一心会病院,-,-,-,-,-,-
833,埼玉県厚生農業協同組合連合会　久喜総合病院,10,-,-,75,-,-
834,医療法人　関越病院,13,-,-,-,-,-
835,埼玉医科大学国際医療センター,23,-,-,156,18,-
836,医療法人社団　協友会　吉川中央総合病院,-,-,-,-,-,-
837,さいたま市立病院,14,-,-,74,-,-
838,独立行政法人　国立病院機構　西埼玉中央病院,-,-,-,-,-,-
839,医療法人社団翠明会山王病院,-,-,-,-,-,-
840,社会医療法人社団　健脳会　千葉脳神経外科病院,-,-,-,-,-,-
841,千葉市　千葉市立青葉病院,16,-,-,15,-,-
842,医療法人社団保健会谷津保健病院,-,-,-,-,-,-
843,社会福祉法人恩賜財団済生会　支部千葉県済生会　千葉県済生会習志野病院,-,-,-,65,-,-
844,学校法人帝京大学　帝京大学ちば総合医療センター,13,-,-,69,-,-
845,医療法人社団協友会柏厚生総合病院,-,-,-,-,-,-
846,医療法人社団愛友会千葉愛友会記念病院,-,-,-,-,-,-
847,医療法人財団東京勤労者医療会　東葛病院,-,-,-,-,-,-
848,国保松戸市立病院,-,-,-,32,-,-
849,医療法人社団　誠馨会新東京病院,-,-,-,74,-,-
850,医療法人社団協友会船橋総合病院,-,-,-,-,-,-
851,医療法人社団　誠馨会セコメディック病院,-,-,-,12,-,-
852,医療法人社団　紺整会船橋整形外科病院,-,-,-,-,-,-
853,社会福祉法人　聖隷福祉事業団　聖隷佐倉市民病院,-,-,-,-,-,-
854,千葉県立佐原病院,-,-,-,-,-,-
855,社会福祉法人　三井記念病院,-,-,-,89,-,-
856,社団法人　東京都教職員互助会　三楽病院,-,-,-,-,-,-
857,せんぽ東京高輪病院,-,-,-,15,-,-
858,北里大学北里研究所病院,-,-,-,-,-,-
859,社会福祉法人　聖母会聖母病院,-,-,-,-,-,-
860,株式会社　日立製作所　小平記念　東京日立病院,-,-,-,-,-,-
861,東京都立駒込病院,-,-,-,-,-,-
862,医療法人社団　哺育会浅草病院,-,-,-,-,-,-
863,同愛記念病院,22,-,-,82,-,-
864,東京都立墨東病院,11,-,-,148,-,-
865,医療法人社団　青藍会鈴木病院,-,-,-,-,-,-
866,順天堂大学医学部附属順天堂東京江東高齢者医療センター,-,-,-,-,-,-
867,財団法人　河野臨牀医学研究所　附属第三北品川病院,-,-,-,-,-,-
868,昭和大学病院附属東病院,-,-,-,-,-,-
869,総合病院厚生中央病院,-,-,-,11,-,-
870,公益財団法人　東京都保健医療公社　荏原病院,-,-,-,-,-,-
871,公立学校共済組合　関東中央病院,-,-,-,33,-,-
872,社会福祉法人　康和会久我山病院,-,-,-,-,-,-
873,医療法人　柏堤会（財団）　奥沢病院,-,-,-,-,-,-
874,東京都立広尾病院,-,-,-,63,-,-
875,医療法人財団　荻窪病院,-,-,-,98,-,-
876,東京北社会保険病院,-,-,-,38,-,-
877,医療法人社団　明芳会高島平中央総合病院,-,-,-,-,-,-
878,医療法人社団　明芳会イムス記念病院,-,-,-,-,-,-
879,東京都健康長寿医療センター,14,-,-,36,-,-
880,博慈会記念総合病院,15,-,-,35,-,-
881,社会医療法人社団　慈生会　等潤病院,-,-,-,-,-,-
882,公益財団法人　東京都保健医療公社　東部地域病院,-,-,-,35,-,-
883,医療法人社団　昌医会葛西昌医会病院,-,-,-,55,-,-
884,日本私立学校振興・共済事業団　東京臨海病院,-,-,-,26,-,-
885,医療法人社団　森山医会　森山記念病院,-,-,-,-,-,-
886,公益財団法人　東京都保健医療公社　多摩北部医療センター,-,-,-,25,-,-
887,医療法人社団　仁成会高木病院,-,-,-,-,-,-
888,東京医科大学八王子医療センター,11,-,-,72,-,-
889,医療法人社団　徳成会八王子山王病院,-,-,-,-,-,-
890,町田市民病院,-,-,-,32,-,-
891,日野市立病院,-,-,-,28,-,-
892,東京都立多摩総合医療センター,-,-,-,111,-,-
893,医療法人社団　時正会　佐々総合病院,-,-,-,-,-,-
894,医療法人社団　東光会西東京中央総合病院,15,-,-,55,-,-
895,社会福祉法人　恩賜財団東京都同胞援護会昭島病院,-,-,-,-,-,-
896,医療法人　徳洲会　東京西徳洲会病院,-,-,-,114,-,-
897,公立福生病院,-,-,-,10,-,-
898,公益財団法人　結核予防会　複十字病院,-,-,-,-,-,-
899,社会医療法人財団　大和会　武蔵村山病院,-,-,-,-,-,-
900,日本医科大学多摩永山病院,-,-,-,47,-,-
901,公益財団法人　東京都保健医療公社　多摩南部地域病院,10,-,-,34,-,-
902,稲城市立病院,-,-,-,-,-,-
903,独立行政法人　国立成育医療研究センター,-,-,-,-,-,-
904,独立行政法人　国立病院機構　災害医療センター,10,-,-,81,-,-
905,東京逓信病院,-,-,-,24,-,-
906,恩賜財団　済生会　横浜市東部病院,-,-,-,113,-,-
907,財団法人　神奈川県警友会　けいゆう病院,-,-,-,34,-,-
908,金沢文庫病院,-,-,-,-,-,-
909,医療法人柏堤会（財団）戸塚共立第１病院,-,-,-,-,-,-
910,社会福祉法人　日本医療伝道会　衣笠病院,-,-,-,-,-,-
911,財団法人　同友会　藤沢湘南台病院,-,-,-,-,-,-
912,茅ケ崎市立病院,-,-,-,29,-,-
913,医療法人徳洲会　茅ケ崎徳洲会総合病院,-,-,-,70,-,-
914,北里大学東病院,-,-,-,-,-,-
915,津久井赤十字病院,-,-,-,-,-,-
916,厚木市立病院,-,-,-,23,-,-
917,医療法人　沖縄徳洲会湘南厚木病院,-,-,-,36,-,-
918,医療法人徳洲会　大和徳洲会病院,-,-,-,13,-,-
919,医療法人社団　哺育会桜ケ丘中央病院,-,-,-,-,-,-
920,社会福祉法人　親善福祉協会　国際親善総合病院,11,-,-,38,-,-
921,医療法人興生会　相模台病院,-,-,-,-,-,-
922,川崎市立川崎病院,-,-,-,39,-,-
923,医療法人愛仁会　太田総合病院,-,-,-,-,-,-
924,日本鋼管病院,-,-,-,-,-,-
925,日本医科大学武蔵小杉病院,-,-,-,51,-,-
926,医療法人社団亮正会総合高津中央病院,-,-,-,-,-,-
927,川崎市立多摩病院,-,-,-,30,-,-
928,神奈川県立循環器呼吸器病センター,-,-,-,36,-,-
929,新潟中央病院,-,-,-,-,-,-
930,新潟県立がんセンター新潟病院,-,-,-,-,-,-
931,医療法人愛仁会　亀田第一病院,-,-,-,-,-,-
932,新潟市民病院,23,-,-,137,-,-
933,立川綜合病院,-,-,-,105,-,-
934,新潟県立中央病院,-,-,-,55,-,-
935,新潟県厚生農業協同組合連合会　上越総合病院,-,-,-,33,-,-
936,小千谷総合病院,-,-,-,-,-,-
937,新潟県立十日町病院,-,-,-,-,-,-
938,独立行政法人　労働者健康福祉機構　燕労災病院,-,-,-,35,-,-
939,町立湯沢病院,-,-,-,-,-,-
940,富山県立中央病院,10,-,-,85,-,-
941,富山県済生会富山病院,-,-,-,26,-,-
942,八尾総合病院,-,-,-,-,-,-
943,高岡市民病院,-,-,-,60,-,-
944,独立行政法人労働者健康福祉機構富山労災病院,-,-,-,16,-,-
945,金沢医科大学氷見市民病院,-,-,-,17,-,-
946,黒部市民病院,-,-,-,45,-,-
947,市立砺波総合病院,-,-,-,23,-,-
948,真生会　富山病院,-,-,-,-,-,-
949,射水市民病院,-,-,-,21,-,-
950,国家公務員共済組合連合会　北陸病院,-,-,-,-,-,-
951,金沢赤十字病院,-,-,-,-,-,-
952,石川県立中央病院,37,-,-,68,-,-
953,石川県済生会金沢病院,-,-,-,-,-,-
954,医療法人社団浅ノ川浅ノ川総合病院,-,-,-,-,-,-
955,金沢有松病院,-,-,-,-,-,-
956,国民健康保険　小松市民病院,-,-,-,34,-,-
957,市立輪島病院,-,-,-,-,-,-
958,加賀市民病院,-,-,-,-,-,-
959,医療法人社団　浅ノ川　金沢脳神経外科病院,-,-,-,-,-,-
960,公立つるぎ病院,-,-,-,-,-,-
961,福井県立病院,16,-,-,53,-,-
962,福井赤十字病院,-,-,-,32,-,-
963,福井循環器病院,10,-,-,41,10,-
964,公立丹南病院,-,-,-,-,-,-
965,市立甲府病院,-,-,-,24,-,-
966,国民健康保険　富士吉田市立病院,-,-,-,24,-,-
967,医療法人康麗会　笛吹中央病院,-,-,-,-,-,-
968,長野医療生活協同組合長野中央病院,-,-,-,51,-,-
969,市立岡谷病院,-,-,-,15,-,-
970,飯田市立病院,-,-,-,44,-,-
971,医療法人栗山会　飯田病院,-,-,-,-,-,-
972,健和会病院,-,-,-,17,-,-
973,長野県立須坂病院,-,-,-,-,-,-
974,昭和伊南総合病院,-,-,-,27,-,-
975,市立大町総合病院,11,-,-,-,-,-
976,飯山赤十字病院,-,-,-,-,-,-
977,組合立諏訪中央病院,-,-,-,33,-,-
978,長野県厚生農業協同組合連合会　佐久総合病院小海分院,-,-,-,-,-,-
979,安曇野赤十字病院,18,-,-,42,-,-
980,岐阜県総合医療センター,15,-,-,127,-,-
981,岐阜赤十字病院,-,-,-,-,-,-
982,朝日大学歯学部附属村上記念病院,-,-,-,-,-,-
983,河村病院,-,-,-,-,-,-
984,山内ホスピタル,-,-,-,-,-,-
985,美濃市立美濃病院,-,-,-,-,-,-
986,岐阜県立多治見病院,12,-,-,98,-,-
987,総合病院中津川市民病院,21,-,-,34,-,-
988,市立恵那病院,-,-,-,-,-,-
989,土岐市立総合病院,-,-,-,24,-,-
990,岐阜県厚生農業協同組合連合会　西美濃厚生病院,-,-,-,-,-,-
991,岐阜県厚生農業協同組合連合会　揖斐厚生病院,-,-,-,17,-,-
992,医療法人社団健育会西伊豆病院,-,-,-,-,-,-
993,市立伊東市民病院,18,-,-,-,-,-
994,富士宮市立病院,-,-,-,51,-,-
995,財団法人富士脳障害研究所附属病院,-,-,-,-,-,-
996,富士市立中央病院,-,-,-,94,-,-
997,共立蒲原総合病院,-,-,-,-,-,-
998,静岡市立静岡病院,40,-,-,114,-,-
999,静岡市立清水病院,37,-,-,35,-,-
1000,静岡県立こども病院,-,-,-,-,-,-
1001,焼津市立総合病院,-,-,-,-,-,-
1002,掛川市立総合病院,-,-,-,-,-,-
1003,袋井市立袋井市民病院,-,-,-,73,-,-
1004,磐田市立総合病院,-,-,-,51,-,-
1005,ＪＡ静岡厚生連　遠州病院,-,-,-,34,-,-
1006,独立行政法人労働者健康福祉機構　浜松労災病院,11,-,-,35,-,-
1007,医療法人社団松愛会松田病院,-,-,-,-,-,-
1008,名古屋市立東部医療センター,-,-,-,67,-,-
1009,医療法人愛生会　総合上飯田第一病院,-,-,-,-,-,-
1010,名鉄病院,11,-,-,17,-,-
1011,医療法人衆済会　増子記念病院,-,-,-,-,-,-
1012,名古屋セントラル病院,-,-,-,17,-,-
1013,藤田保健衛生大学　坂文種報德會病院,-,-,-,14,-,-
1014,名古屋記念病院,21,-,-,32,-,-
1015,岡崎市民病院,16,-,-,97,-,-
1016,一宮市立市民病院,-,-,-,93,-,-
1017,公立陶生病院,-,-,-,60,-,-
1018,半田市立半田病院,-,-,-,92,-,-
1019,春日井市民病院,23,-,-,93,-,-
1020,豊川市民病院,-,-,-,66,-,-
1021,愛知県厚生農業協同組合連合会　安城更生病院,-,-,-,104,-,-
1022,社会医療法人財団新和会　八千代病院,-,-,-,18,-,-
1023,西尾市民病院,11,-,-,28,-,-
1024,愛知県厚生農業協同組合連合会　海南病院,-,-,-,83,-,-
1025,地方独立行政法人　桑名市総合医療センター　桑名東医療センター,-,-,-,14,-,-
1026,桑名西医療センター,-,-,-,-,-,-
1027,地方独立行政法人三重県立総合医療センター,10,-,-,39,-,-
1028,紀南病院,-,-,-,-,-,-
1029,大津市民病院,-,-,-,25,-,-
1030,彦根市立病院,13,-,-,34,-,-
1031,長浜赤十字病院,-,-,-,34,-,-
1032,近江八幡市立総合医療センター,-,-,-,45,-,-
1033,医療法人徳洲会　近江草津徳洲会病院,-,-,-,-,-,-
1034,社会医療法人　誠光会草津総合病院,-,-,-,20,-,-
1035,公立甲賀病院,12,-,-,38,-,-
1036,医療法人同仁会（社団）京都九条病院,-,-,-,25,-,-
1037,第二岡本総合病院,-,-,-,33,-,-
1038,医療法人徳洲会　宇治徳洲会病院,12,-,-,81,-,-
1039,綾部市立病院,-,-,-,25,-,-
1040,医療法人啓信会　京都きづ川病院,-,-,-,18,-,-
1041,医療法人社団石鎚会田辺中央病院,-,-,-,12,-,-
1042,三菱京都病院,-,-,-,44,-,-
1043,京都府立与謝の海病院,-,-,-,18,-,-
1044,京都市立病院,-,-,-,33,-,-
1045,公立山城病院,-,-,-,30,-,-
1046,市立福知山市民病院,-,-,-,41,-,-
1047,独立行政法人国立病院機構舞鶴医療センター,-,-,-,-,-,-
1048,公益財団法人　浅香山病院,-,-,-,28,-,-
1049,近畿大学医学部堺病院,-,-,-,-,-,-
1050,医療法人一祐会　藤本病院,-,-,-,-,-,-
1051,和泉市立病院,-,-,-,25,-,-
1052,大阪府立母子保健総合医療センター,-,-,-,-,-,-
1053,医療法人泉秀会　かわい病院,-,-,-,-,-,-
1054,医療法人東和会　第一東和会病院,-,-,-,-,-,-
1055,医療法人三和会　永山病院,-,-,-,-,-,-
1056,社会福祉法人恩賜財団済生会支部　大阪府済生会千里病院,23,-,-,74,-,-
1057,医療法人社団　湯川胃腸病院,-,-,-,-,-,-
1058,大阪府立急性期・総合医療センター,-,-,-,49,-,-
1059,大阪鉄道病院,-,-,-,-,-,-
1060,医療法人毅峰会　吉田病院,-,-,-,-,-,-
1061,医療法人マックシール巽病院,-,-,-,-,-,-
1062,社会医療法人弘道会萱島生野病院,-,-,-,-,-,-
1063,社会福祉法人　大阪暁明館病院,-,-,-,12,-,-
1064,医誠会病院,-,-,-,14,-,-
1065,社会医療法人弘道会守口生野記念病院,-,-,-,49,-,-
1066,医療法人行岡医学研究会　行岡病院,-,-,-,-,-,-
1067,社会福祉法人恩賜財団済生会支部　大阪府済生会茨木病院,-,-,-,12,-,-
1068,医療法人寿会　富永病院,-,-,-,39,-,-
1069,医療法人社団有隣会東大阪病院,-,-,-,-,-,-
1070,佐野記念病院,-,-,-,-,-,-
1071,医療法人良秀会　高石藤井病院,-,-,-,17,-,-
1072,医療法人讃和会　友愛会病院,-,-,-,-,-,-
1073,大阪回生病院,-,-,-,-,-,-
1074,国家公務員共済組合連合会　大手前病院,12,-,-,105,-,-
1075,市立枚方市民病院,-,-,-,-,-,-
1076,大阪市立総合医療センター,-,-,-,41,-,-
1077,市立岸和田市民病院,13,-,-,59,-,-
1078,一般財団法人　甲南会　甲南病院,-,-,-,-,-,-
1079,医療法人財団　神戸海星病院,-,-,-,-,-,-
1080,三菱神戸病院,-,-,-,-,-,-
1081,医療法人　川崎病院,-,-,-,50,-,-
1082,医療法人　榮昌会　吉田病院,-,-,-,-,-,-
1083,神戸百年記念病院,-,-,-,-,-,-
1084,神戸市立医療センター西市民病院,-,-,-,20,-,-
1085,兵庫県立こども病院,-,-,-,-,-,-
1086,医療法人沖縄徳洲会神戸徳洲会病院,-,-,-,18,-,-
1087,神戸掖済会病院,-,-,-,26,-,-
1088,医療法人　明和病院,-,-,-,11,-,-
1089,医療法人回生会　宝塚病院,-,-,-,21,-,-
1090,医療法人尚和会　宝塚第一病院,-,-,-,-,-,-
1091,三田市民病院,-,-,-,66,-,-
1092,兵庫県立　柏原病院,-,-,-,25,-,-
1093,西脇市立西脇病院,-,-,-,-,-,-
1094,兵庫県立がんセンター,-,-,-,-,-,-
1095,高砂市民病院,-,-,-,-,-,-
1096,加古川西市民病院,-,-,-,-,-,-
1097,医療法人　順心会　順心病院,-,-,-,-,-,-
1098,一般財団法人　甲南会　甲南加古川病院,-,-,-,-,-,-
1099,三木市立三木市民病院,-,-,-,47,-,-
1100,市立加西病院,11,-,-,66,-,-
1101,大山病院,-,-,-,18,-,-
1102,医療法人中央会　尼崎中央病院,-,-,-,24,-,-
1103,市立川西病院,-,-,-,-,-,-
1104,市立伊丹病院,13,-,-,10,-,-
1105,公立神崎総合病院,-,-,-,-,-,-
1106,公立　宍粟総合病院,-,-,-,-,-,-
1107,製鉄記念広畑病院,-,-,-,17,-,-
1108,医療法人三栄会ツカザキ病院,-,-,-,68,-,-
1109,真星病院,-,-,-,-,-,-
1110,恒生病院,-,-,-,-,-,-
1111,神鋼病院,-,-,-,44,-,-
1112,神戸市立医療センター中央市民病院,-,-,-,63,-,-
1113,西神戸医療センター,-,-,-,36,-,-
1114,兵庫県立　西宮病院,-,-,-,-,-,-
1115,兵庫県立塚口病院,-,-,-,-,-,-
1116,明石市立市民病院,-,-,-,38,-,-
1117,西宮市立中央病院,-,-,-,-,-,-
1118,医療法人松本快生会西奈良中央病院,-,-,-,-,-,-
1119,医療法人康仁会西の京病院,-,-,-,22,-,-
1120,市立奈良病院,-,-,-,19,-,-
1121,医療法人社団田北会田北病院,-,-,-,-,-,-
1122,大和高田市立病院,-,-,-,-,-,-
1123,公益財団法人　天理よろづ相談所病院,-,-,-,47,-,-
1124,社会医療法人高清会高井病院,-,-,-,101,-,-
1125,社会福祉法人恩賜財団済生会御所病院,-,-,-,-,-,-
1126,宇陀市立病院,-,-,-,-,-,-
1127,奈良県立五條病院,-,-,-,-,-,-
1128,奈良県立三室病院,-,-,-,53,-,-
1129,奈良県立奈良病院,-,-,-,35,-,-
1130,医療法人愛晋会　中江病院,-,-,-,-,-,-
1131,済生会和歌山病院,-,-,-,-,-,-
1132,独立行政法人労働者健康福祉機構和歌山労災病院,-,-,-,25,-,-
1133,医療法人南労会　紀和病院,-,-,-,-,-,-
1134,北出病院,-,-,-,-,-,-
1135,白浜はまゆう病院,-,-,-,-,-,-
1136,新宮市立医療センター,-,-,-,69,-,-
1137,日本赤十字社　和歌山医療センター,19,13,10,107,-,-
1138,社会保険　紀南病院,-,-,-,55,-,-
1139,鳥取生協病院,-,-,-,11,-,-
1140,独立行政法人労働者健康福祉機構　山陰労災病院,16,-,-,65,-,-
1141,医療法人同愛会　博愛病院,-,-,-,-,-,-
1142,鳥取県立厚生病院,11,-,-,29,-,-
1143,松江市立病院,-,-,-,14,-,-
1144,益田赤十字病院,-,-,-,33,-,-
1145,社団法人　益田市医師会立　益田地域医療センター医師会病院,-,-,-,-,-,-
1146,玉造厚生年金病院,-,-,-,-,-,-
1147,出雲徳洲会病院,-,-,-,-,-,-
1148,川崎医科大学附属川崎病院,-,-,-,-,-,-
1149,社会医療法人　光生病院,-,-,-,-,-,-
1150,社会医療法人社団十全会　心臓病センター榊原病院,18,-,-,140,18,-
1151,水島中央病院,-,-,-,-,-,-
1152,一般財団法人淳風会　倉敷第一病院,-,-,-,-,-,-
1153,倉敷成人病センター,-,-,-,-,-,-
1154,医療法人天和会　松田病院,-,-,-,-,-,-
1155,倉敷平成病院,-,-,-,-,-,-
1156,佐藤胃腸科外科病院,-,-,-,-,-,-
1157,医療法人清梁会　高梁中央病院,-,-,-,-,-,-
1158,医療法人社団同仁会金光病院,-,-,-,-,-,-
1159,金田病院,-,-,-,-,-,-
1160,広島鉄道病院,-,-,-,13,-,-
1161,広島医療生活協同組合広島共立病院,-,-,-,14,-,-
1162,荒木脳神経外科病院,-,-,-,-,-,-
1163,公立みつぎ総合病院,-,-,-,-,-,-
1164,公立学校共済組合　中国中央病院,-,-,-,-,-,-
1165,日本鋼管福山病院,-,-,-,-,-,-
1166,脳神経センター大田記念病院,-,-,-,15,-,-
1167,市立三次中央病院,-,-,-,32,-,-
1168,広島県厚生農業協同組合連合会　廣島総合病院,-,-,-,62,-,-
1169,済生会広島病院,-,-,-,11,-,-
1170,独立行政法人国立病院機構　福山医療センター,-,-,-,-,-,-
1171,山口県済生会下関総合病院,26,-,-,43,-,-
1172,宇部興産株式会社中央病院,-,-,-,11,-,-
1173,済生会山口総合病院,18,-,-,63,-,-
1174,萩市民病院,-,-,-,32,-,-
1175,山口県立総合医療センター,-,-,-,34,-,-
1176,周南記念病院,-,-,-,-,-,-
1177,山口県厚生農業協同組合連合会　長門総合病院,-,-,-,-,-,-
1178,山口県厚生農業協同組合連合会　周東総合病院,-,-,-,51,-,-
1179,山口県厚生農業協同組合連合会　小郡第一総合病院,-,-,-,-,-,-
1180,独立行政法人国立病院機構　関門医療センター,13,-,-,35,-,-
1181,川島病院,-,-,-,25,-,-
1182,ホウエツ病院,-,-,-,-,-,-
1183,徳島県立海部病院,-,-,-,-,-,-
1184,つるぎ町立半田病院,-,-,-,-,-,-
1185,香川県立中央病院,-,-,-,70,-,-
1186,高松市民病院,-,-,-,13,-,-
1187,香川県厚生農業協同組合連合会　屋島総合病院,-,-,-,13,-,-
1188,三豊総合病院,-,-,-,52,-,-
1189,独立行政法人　国立病院機構　高松医療センター,-,-,-,-,-,-
1190,瀬戸内海病院,-,-,-,-,-,-
1191,社会福祉法人　恩賜財団　済生会今治病院,-,-,-,30,-,-
1192,公立学校共済組合四国中央病院,-,-,-,10,-,-
1193,医療法人　綮愛会　石川病院,-,-,-,-,-,-
1194,独立行政法人国立病院機構四国がんセンター,-,-,-,-,-,-
1195,医療法人　久会　図南病院,-,-,-,-,-,-
1196,医療法人　仁生会　細木病院,-,-,-,-,-,-
1197,いずみの病院,-,-,-,-,-,-
1198,高知高須病院,-,-,-,-,-,-
1199,高知県・高知市病院企業団立高知医療センター,-,-,-,53,-,-
1200,医療法人五月会　須崎くろしお病院,-,-,-,-,-,-
1201,医療法人聖真会　渭南病院,-,-,-,-,-,-
1202,高知県　高知県立幡多けんみん病院,-,-,-,44,-,-
1203,くぼかわ病院,-,-,-,-,-,-
1204,医療法人　輝栄会　福岡輝栄会病院,-,-,-,-,-,-
1205,医療法人社団日晴会久恒病院,-,-,-,-,-,-
1206,福岡青洲会病院,-,-,-,33,-,-
1207,上野外科胃腸科病院,-,-,-,-,-,-
1208,宗像水光会総合病院,-,-,-,42,-,-
1209,医療法人　豊資会　加野病院,-,-,-,-,-,-
1210,医療法人　佐田厚生会　佐田病院,-,-,-,-,-,-
1211,福岡リハビリテーション病院,-,-,-,-,-,-
1212,福岡市医師会成人病センター,-,-,-,16,-,-
1213,社会医療法人　喜悦会那珂川病院,-,-,-,-,-,-
1214,医療法人社団慶仁会川崎病院,-,-,-,-,-,-
1215,神代病院,-,-,-,-,-,-
1216,姫野病院,-,-,-,-,-,-
1217,長田病院,-,-,-,-,-,-
1218,社会保険大牟田天領病院,-,-,-,39,-,-
1219,社会保険筑豊病院,-,-,-,-,-,-
1220,福岡県済生会八幡総合病院,-,-,-,14,-,-
1221,独立行政法人労働者健康福祉機構　九州労災病院　門司メディカルセンター,-,-,-,-,-,-
1222,独立行政法人　労働者健康福祉機構　九州労災病院,-,-,-,13,-,-
1223,国家公務員共済組合連合会新小倉病院,-,-,-,-,-,-
1224,北九州市立医療センター,-,-,-,12,-,-
1225,独立行政法人国立病院機構　福岡東医療センター,-,-,-,33,-,-
1226,今村病院,-,-,-,-,-,-
1227,副島整形外科病院,-,-,-,-,-,-
1228,唐津赤十字病院,-,-,-,45,-,-
1229,聖フランシスコ病院,-,-,-,-,-,-
1230,医療法人　光晴会病院,14,-,-,99,-,-
1231,医療法人徳洲会　長崎北徳洲会病院,-,-,-,-,-,-
1232,医療法人厚生会　虹が丘病院,-,-,-,-,-,-
1233,医療法人三佼会　宮崎病院,-,-,-,-,-,-
1234,医療法人祥仁会　西諫早病院,-,-,-,-,-,-
1235,社会福祉法人　十善会病院,-,-,-,-,-,-
1236,公立新小浜病院,-,-,-,-,-,-
1237,財団法人杏仁会江南病院,-,-,-,-,-,-
1238,熊本市医師会熊本地域医療センター,-,-,-,-,-,-
1239,ＮＴＴ西日本九州病院,-,-,-,-,-,-
1240,宇賀岳病院,-,-,-,-,-,-
1241,天草地域医療センター,-,-,-,50,-,-
1242,熊本セントラル病院,-,-,-,-,-,-
1243,山鹿市民医療センター,-,-,-,-,-,-
1244,荒尾市民病院,-,-,-,31,-,-
1245,熊本市立植木病院,-,-,-,-,-,-
1246,球磨郡公立多良木病院,-,-,-,-,-,-
1247,大分記念病院,-,-,-,-,-,-
1248,河野脳神経外科病院,-,-,-,-,-,-
1249,大分三愛メディカルセンター,-,-,-,-,-,-
1250,大分市医師会立アルメイダ病院,-,-,-,74,-,-
1251,大分県厚生連鶴見病院,-,-,-,25,-,-
1252,大分県済生会日田病院,-,-,-,21,-,-
1253,高田中央病院,-,-,-,-,-,-
1254,佐藤第一病院,-,-,-,-,-,-
1255,宇佐高田医師会病院,-,-,-,-,-,-
1256,独立行政法人国立病院機構　別府医療センター,-,-,-,41,-,-
1257,宮崎市郡医師会病院,-,-,-,163,-,-
1258,南部病院,-,-,-,-,-,-
1259,金丸脳神経外科病院,-,-,-,-,-,-
1260,宮崎生協病院,-,-,-,-,-,-
1261,社団法人八日会藤元早鈴病院,-,-,-,28,-,-
1262,医療法人誠和会和田病院,-,-,-,-,-,-
1263,県立宮崎病院,-,-,-,16,-,-
1264,県立日南病院,-,-,-,13,-,-
1265,鹿児島市立病院,-,-,-,72,-,-
1266,総合病院　鹿児島生協病院,12,-,-,43,-,-
1267,中央病院,11,-,-,74,13,-
1268,鹿児島市医師会病院,-,-,-,12,-,-
1269,医療法人　徳洲会　鹿児島徳洲会病院,-,-,-,-,-,-
1270,鹿児島厚生連病院,-,-,-,-,-,-
1271,大隅鹿屋病院,-,-,-,61,-,-
1272,医療法人　厚生会　小原病院,-,-,-,-,-,-
1273,社会医療法人　義順顕彰会　田上病院,-,-,-,11,-,-
1274,社会福祉法人　恩賜財団　済生会川内病院,-,-,-,-,-,-
1275,霧島市立医師会医療センター,-,-,-,46,-,-
1276,肝属郡医師会立病院,-,-,-,-,-,-
1277,宮古島徳洲会病院,-,-,-,-,-,-
1278,与那原中央病院,-,-,-,-,-,-
1279,沖縄県立宮古病院,-,-,-,19,-,-
1280,沖縄県立八重山病院,10,-,-,-,-,-
1281,共愛会病院,-,-,-,-,-,-
1282,市立室蘭総合病院,-,-,-,22,-,-
1283,総合病院　伊達赤十字病院,-,-,-,14,-,-
1284,財団法人医療と育成のための研究所清明会　鳴海病院,-,-,-,-,-,-
1285,津軽保健生活協同組合健生病院,-,-,-,-,-,-
1286,医療法人　友愛会　盛岡友愛病院,-,-,-,-,-,-
1287,岩手県立釜石病院,13,-,-,-,-,-
1288,山形県立新庄病院,-,-,-,31,-,-
1289,会津中央病院,-,-,-,39,-,-
1290,いわき市立総合磐城共立病院,12,-,-,109,-,-
1291,日本赤十字社栃木県支部芳賀赤十字病院,15,-,-,20,-,-
1292,社会医療法人社団　木下会　鎌ケ谷総合病院,-,-,-,77,-,-
1293,医療法人社団東光会北総白井病院,-,-,-,-,-,-
1294,東邦大学医療センター大橋病院,-,-,-,54,-,-
1295,日本大学医学部付属練馬光が丘病院,-,-,-,32,-,-
1296,医療法人社団　苑田会苑田第一病院,-,-,-,25,-,-
1297,医療法人社団　永寿会三鷹中央病院,-,-,-,-,-,-
1298,府中恵仁会病院,-,-,-,34,-,-
1299,財団法人横浜勤労者福祉協会　汐田総合病院,-,-,-,-,-,-
1300,医療法人社団　青葉会牧野記念病院,-,-,-,-,-,-
1301,湘南泉病院,-,-,-,-,-,-
1302,神奈川県立足柄上病院,-,-,-,30,-,-
1303,新潟南病院,-,-,-,-,-,-
1304,下越病院,-,-,-,31,-,-
1305,松本協立病院,-,-,-,44,-,-
1306,長野県厚生農業協同組合連合会　富士見高原病院,-,-,-,-,-,-
1307,長野県立木曽病院,-,-,-,13,-,-
1308,医療法人社団　志朋会加納渡辺病院,-,-,-,-,-,-
1309,医療法人社団　熱海所記念病院,-,-,-,-,-,-
1310,菊川市立総合病院,-,-,-,23,-,-
1311,三重県厚生農業協同組合連合会　鈴鹿中央総合病院,31,-,-,76,-,-
1312,いなべ総合病院,-,-,-,-,-,-
1313,社会医療法人慈薫会　河崎病院,-,-,-,-,-,-
1314,医療法人春秋会　城山病院,-,-,-,82,-,-
1315,医療法人垣谷会　明治橋病院,-,-,-,-,-,-
1316,社会医療法人渡邊高記念会　西宮渡辺心臓・血管センター,-,-,-,87,-,-
1317,市立芦屋病院,-,-,-,-,-,-
1318,誠佑記念病院,-,-,-,80,-,-
1319,鳥取赤十字病院,-,-,-,34,-,-
1320,独立行政法人国立病院機構　米子医療センター,-,-,-,-,-,-
1321,医療法人創和会　重井医学研究所附属病院,-,-,-,-,-,-
1322,総合病院　岡山市立市民病院,-,-,-,16,-,-
1323,広島厚生病院,-,-,-,-,-,-
1324,独立行政法人国立病院機構　東広島医療センター,-,-,-,49,-,-
1325,光市立光総合病院,10,-,-,-,-,-
1326,医療法人　社団若鮎　北島病院,-,-,-,-,-,-
1327,健康保険直方中央病院,-,-,-,-,-,-
1328,ＪＲ九州病院,-,-,-,-,-,-
1329,独立行政法人国立病院機構　九州がんセンター,-,-,-,-,-,-
1330,独立行政法人国立病院機構小倉医療センター,-,-,-,-,-,-
1331,天草第一病院,-,-,-,-,-,-
1332,橘病院,-,-,-,-,-,-
1333,屋久島徳洲会病院,-,-,-,-,-,-
1334,医療法人　北海道整形外科記念病院,-,-,-,-,-,-
1335,財団法人北海道医療団帯広第一病院,-,-,-,-,-,-
1336,青森県立中央病院,10,-,-,69,-,-
1337,岩手県立宮古病院,-,-,-,-,-,-
1338,岩手県立中部病院,-,-,-,95,-,-
1339,山本組合総合病院,18,-,-,-,-,-
1340,医療法人社団山形愛心会庄内余目病院,-,-,-,-,-,-
1341,学校法人獨協学園　獨協医科大学日光医療センター,23,-,-,14,-,-
1342,医療法人　道心会　埼玉東部循環器病院,-,-,-,59,-,-
1343,草加市立病院,-,-,-,40,-,-
1344,医療法人社団普照会井上記念病院,-,-,-,-,-,-
1345,医療法人社団　誠高会おおたかの森病院,-,-,-,56,-,-
1346,社会福祉法人　太陽会安房地域医療センター,-,-,-,25,-,-
1347,東邦大学医療センター佐倉病院,16,-,-,54,-,-
1348,国家公務員共済組合連合会　三宿病院,-,-,-,29,-,-
1349,医療法人社団　松和会池上総合病院,-,-,-,60,-,-
1350,ＪＲ東京総合病院,-,-,-,12,-,-
1351,公立阿伎留医療センター,-,-,-,-,-,-
1352,新潟県立新発田病院,-,-,-,71,-,-
1353,公立学校共済組合　北陸中央病院,-,-,-,-,-,-
1354,金沢市立病院,-,-,-,17,-,-
1355,杉田玄白記念　公立小浜病院,24,-,-,14,-,-
1356,山梨県立中央病院,12,-,-,62,-,-
1357,一之瀬脳神経外科病院,-,-,-,-,-,-
1358,伊那中央病院,11,-,-,47,-,-
1359,博愛会病院,-,-,-,-,-,-
1360,静岡県立静岡がんセンター,-,-,-,-,-,-
1361,榛原総合病院,-,-,-,52,-,-
1362,医療法人徳洲会　名古屋徳洲会総合病院,-,-,-,62,10,-
1363,医療法人清恵会　清恵会病院,-,-,-,-,-,-
1364,医療法人河内友紘会河内総合病院,-,-,-,61,-,-
1365,医療法人浩生会　舞子台病院,-,-,-,-,-,-
1366,こだま病院,-,-,-,-,-,-
1367,特定医療法人誠仁会　大久保病院,-,-,-,-,-,-
1368,医療法人沖縄徳洲会高砂西部病院,-,-,-,-,-,-
1369,兵庫県立加古川医療センター,-,-,-,12,-,-
1370,済生会有田病院,-,-,-,-,-,-
1371,安来市立病院,-,-,-,-,-,-
1372,阿南共栄病院,-,-,-,-,-,-
1373,松山市民病院,-,-,-,17,-,-
1374,市立宇和島病院,-,-,-,57,-,-
1375,住友別子病院,-,-,-,16,-,-
1376,財団法人積善会附属十全総合病院,-,-,-,-,-,-
1377,社会福祉法人　恩賜財団　済生会西条病院,-,-,-,13,-,-
1378,医療法人恵真会　渡辺整形外科病院,-,-,-,-,-,-
1379,くるめ病院,-,-,-,-,-,-
1380,朝倉医師会病院,-,-,-,-,-,-
1381,日本海員掖済会　門司病院,-,-,-,-,-,-
1382,社会医療法人　春回会井上病院,-,-,-,-,-,-
1383,日本海員掖済会　長崎病院,-,-,-,-,-,-
1384,成尾整形外科病院,-,-,-,-,-,-
1385,鹿児島赤十字病院,-,-,-,-,-,-
1386,医療法人　徳洲会　徳之島徳洲会病院,-,-,-,-,-,-
1387,鹿児島県立大島病院,-,-,-,18,-,-
1388,県立　北薩病院,-,-,-,-,-,-
1389,県民健康プラザ鹿屋医療センター,-,-,-,22,-,-
1390,医療法人　禄寿会　小禄病院,-,-,-,-,-,-
1391,社会福祉法人　北海道社会事業協会富良野病院,-,-,-,-,-,-
1392,市立稚内病院,-,-,-,-,-,-
1393,青森市民病院,-,-,-,34,10,-
1394,あおもり協立病院,-,-,-,10,-,-
1395,栗原市立栗原中央病院,-,-,-,-,-,-
1396,雄勝中央病院,-,-,-,-,-,-
1397,医療法人財団明理会太田福島総合病院,-,-,-,-,-,-
1398,群馬県立心臓血管センター,19,-,-,127,10,-
1399,医療法人　慈正会　丸山記念総合病院,-,-,-,-,-,-
1400,医療法人　土屋小児病院,-,-,-,-,-,-
1401,千葉県こども病院,-,-,-,-,-,-
1402,学校法人　東京女子医科大学　東京女子医科大学附属八千代医療センター,-,-,-,30,-,-
1403,公益社団法人地域医療振興協会　東京ベイ・浦安市川医療センター,-,-,-,-,-,-
1404,医療法人社団　創造会平和台病院,-,-,-,-,-,-
1405,社会医療法人社団　千葉県勤労者医療協会船橋二和病院,-,-,-,15,-,-
1406,船橋市立医療センター,-,-,-,87,-,-
1407,独立行政法人国立がん研究センター東病院,-,-,-,-,-,-
1408,駿河台日本大学病院,-,-,-,43,-,-
1409,公益財団法人　がん研究会　有明病院,-,-,-,-,-,-
1410,医療法人社団　松井病院,-,-,-,-,-,-
1411,医療法人社団青葉会　一橋病院,-,-,-,-,-,-
1412,横浜船員保険病院,-,-,-,11,-,-
1413,東海大学大磯病院,-,-,-,-,-,-
1414,大船中央病院,-,-,-,-,-,-
1415,川崎市立井田病院,11,-,-,-,-,-
1416,独立行政法人国立病院機構　相模原病院,11,-,-,39,-,-
1417,社会医療法人　桑名恵風会　桑名病院,-,-,-,-,-,-
1418,医療法人社団整志会沢田記念高岡整志会病院,-,-,-,-,-,-
1419,市立敦賀病院,-,-,-,40,-,-
1420,医療法人仁雄会　穂高病院,-,-,-,-,-,-
1421,医療法人　徳洲会　大垣徳洲会病院,-,-,-,-,-,-
1422,順天堂大学医学部附属静岡病院,10,-,-,140,-,-
1423,静岡徳洲会病院,10,-,-,-,-,-
1424,浜松赤十字病院,-,-,-,34,-,-
1425,津島市民病院,17,-,-,-,-,-
1426,碧南市民病院,-,-,-,44,-,-
1427,愛知県厚生農業協同組合連合会　豊田厚生病院,16,-,-,83,-,-
1428,医療法人富田浜病院,-,-,-,-,-,-
1429,医療法人同心会遠山病院,-,-,-,10,-,-
1430,医療法人社団昴会　湖東記念病院,-,-,-,36,-,-
1431,蘇生会総合病院,11,-,-,17,-,-
1432,社会医療法人山弘会上山病院,-,-,-,-,-,-
1433,社会医療法人弘道会浪速生野病院,-,-,-,-,-,-
1434,大阪船員保険病院,-,-,-,-,-,-
1435,髙橋病院,11,-,-,109,-,-
1436,医療法人公仁会姫路中央病院,-,-,-,-,-,-
1437,医療法人　岡村一心堂病院,-,-,-,-,-,-
1438,高陽ニュータウン病院,-,-,-,-,-,-
1439,井野口病院,-,-,-,-,-,-
1440,香川県厚生農業協同組合連合会　滝宮総合病院,-,-,-,-,-,-
1441,独立行政法人国立病院機構高知病院,-,-,-,-,-,-
1442,社会医療法人社団至誠会　木村病院,-,-,-,-,-,-
1443,医療法人　松風海　内藤病院,-,-,-,-,-,-
1444,独立行政法人国立病院機構　佐賀病院,-,-,-,-,-,-
1445,医療法人　医理会　柿添病院,-,-,-,-,-,-
1446,福田病院,-,-,-,-,-,-
1447,日田中央病院,-,-,-,-,-,-
1448,宮崎善仁会病院,-,-,-,-,-,-
1449,独立行政法人　国立病院機構　指宿病院,-,-,-,-,-,-
1450,松村総合病院,-,-,-,-,-,-
1451,社団法人全国社会保険協会連合会　宇都宮社会保険病院,-,-,-,20,-,-
1452,川崎医療生活協同組合　川崎協同病院,-,-,-,-,-,-
1454,東広島記念病院,-,-,-,-,-,-
1455,財団法人　三宅医学研究所附属三宅リハビリテーション病院,-,-,-,-,-,-
1456,社会保険　栗林病院,-,-,-,-,-,-
1457,福西会病院,-,-,-,13,-,-
1458,医療法人社団恵愛会　大分中村病院,-,-,-,20,-,-
1459,野口病院,-,-,-,-,-,-
1460,ＪＲ札幌病院,-,-,-,20,-,-
1461,札幌循環器病院,-,-,-,17,-,-
1462,社会医療法人社団カレスサッポロ時計台記念病院,-,-,-,25,-,-
1463,医療法人　耳鼻咽喉科麻生病院,-,-,-,-,-,-
1464,医療法人社団豊生会　東苗穂病院,-,-,-,-,-,-
1466,医療法人秀友会　札幌秀友会病院,-,-,-,-,-,-
1467,医療法人社団函館脳神経外科　函館脳神経外科病院,-,-,-,-,-,-
1468,医療法人社団杏和会おびひろ呼吸器科内科病院,-,-,-,-,-,-
1469,医療法人耳鼻咽喉科麻生北見病院,-,-,-,-,-,-
1470,岩見沢市立総合病院,-,-,-,25,-,-
1471,黒石市国民健康保険黒石病院,-,-,-,-,-,-
1472,医療法人清和会　奥州病院,-,-,-,-,-,-
1473,国家公務員共済組合連合会　東北公済病院,-,-,-,-,-,-
1474,医療生協わたり病院,-,-,-,-,-,-
1475,医療法人昨雲会　飯塚病院附属有隣病院,-,-,-,-,-,-
1476,神栖済生会病院,-,-,-,-,-,-
1478,医療法人積仁会　島田総合病院,-,-,-,11,-,-
1479,医療法人沖縄徳洲会　四街道徳洲会病院,-,-,-,-,-,-
1480,医療法人社団　医善会　いずみ記念病院,-,-,-,-,-,-
1481,医療法人財団興和会右田病院,-,-,-,-,-,-
1482,医療法人社団　KNI　北原国際病院,-,-,-,-,-,-
1483,医療法人社団　永生会　南多摩病院,-,-,-,-,-,-
1484,医療法人財団慈生会　野村病院,-,-,-,-,-,-
1485,三浦市立病院,-,-,-,-,-,-
1486,福井厚生病院,-,-,-,-,-,-
1487,多治見市民病院,-,-,-,-,-,-
1488,JA静岡厚生連　静岡厚生病院,-,-,-,-,-,-
1489,医療法人蜂友会　はちや整形外科病院,-,-,-,-,-,-
1490,医療法人　鉄友会　宇野病院,-,-,-,-,-,-
1491,社会福祉法人　京都社会事業財団　西陣病院,-,-,-,-,-,-
1492,医療法人健康会　総合病院京都南病院,-,-,-,-,-,-
1493,医療法人　邦徳会　邦和病院,-,-,-,-,-,-
1494,医療法人　徳洲会　野崎徳洲会病院,14,-,-,126,-,-
1495,特定医療法人　清翠会　牧病院,-,-,-,-,-,-
1496,医療法人　医仁会　藤本病院,-,-,-,-,-,-
1497,医療法人　大道会　森之宮病院,-,-,-,-,-,-
1498,医療法人弘善会　矢木脳神経外科病院,-,-,-,-,-,-
1499,医療法人康雄会　西病院,-,-,-,-,-,-
1500,医療法人社団　光風会　長久病院,-,-,-,-,-,-
1501,医療法人　桂会　平尾病院,-,-,-,-,-,-
1502,町立大淀病院,-,-,-,-,-,-
1503,総合病院松江生協病院,-,-,-,-,-,-
1504,医療法人　創和会　しげい病院,-,-,-,-,-,-
1505,医療法人誠和会　倉敷紀念病院,-,-,-,-,-,-
1506,亀井病院,-,-,-,-,-,-
1507,阿南医師会中央病院,-,-,-,-,-,-
1508,社会医療法人財団エム・アイ・ユー麻田総合病院,-,-,-,-,-,-
1509,医療法人　三和会　国吉病院,-,-,-,-,-,-
1510,社会医療法人　栄光会　栄光病院,-,-,-,-,-,-
1511,医療法人社団江頭会　さくら病院,-,-,-,-,-,-
1512,福岡逓信病院,-,-,-,-,-,-
1513,福岡整形外科病院,-,-,-,-,-,-
1514,財団法人　小倉地区医療協会　三萩野病院,-,-,-,-,-,-
1515,財団法人平成紫川会　小倉記念病院,-,-,-,265,-,-
1516,諫早記念病院,-,-,-,-,-,-
1517,医療法人光善会　長崎百合野病院,-,-,-,-,-,-
1518,市民の森病院,-,-,-,-,-,-
1519,医療法人慈風会　厚地脳神経外科病院,-,-,-,-,-,-
1520,医療法人　青雲会　青雲会病院,-,-,-,-,-,-
1521,医療法人　彰和会　北海道消化器科病院,-,-,-,-,-,-
1523,医療法人清田病院,-,-,-,-,-,-
1524,医療法人　仁友会　北彩都病院,-,-,-,-,-,-
1525,医療法人社団医修会　大川原脳神経外科病院,-,-,-,-,-,-
1526,医療法人社団博愛会　開西病院,-,-,-,-,-,-
1527,社会医療法人明生会道東脳神経外科病院,-,-,-,-,-,-
1528,財団法人　総合花巻病院,-,-,-,-,-,-
1529,公立高畠病院,-,-,-,-,-,-
1530,医療法人　社団　慶友会　慶友整形外科病院,-,-,-,-,-,-
1531,公益財団法人　日本心臓血圧研究振興会　附属　榊原記念病院,22,-,-,137,12,-
1532,医療法人社団桐光会　調布病院,-,-,-,-,-,-
1534,かみいち総合病院,-,-,-,-,-,-
1535,医療法人　林病院,-,-,-,-,-,-
1537,医療法人社団　敬誠会　合志病院,-,-,-,-,-,-
1538,和歌山中央医療生活協同組合　和歌山生協病院,-,-,-,-,-,-
1539,財団法人倉敷中央病院　倉敷リバーサイド病院,-,-,-,-,-,-
1540,医療法人社団　清風会　五日市記念病院,-,-,-,-,-,-
1541,医療法人明和会　たまき青空病院,-,-,-,-,-,-
1542,宇和島徳洲会病院,-,-,-,-,-,-
1543,市立大洲病院,-,-,-,-,-,-
1544,医療法人竹下会　竹下病院,-,-,-,-,-,-
1545,国家公務員共済組合連合会　千早病院,-,-,-,10,-,-
1546,医療法人　原土井病院,-,-,-,-,-,-
1547,医療法人八木厚生会　八木病院,-,-,-,-,-,-
1548,医療法人　井上会　篠栗病院,-,-,-,-,-,-
1549,財団法人　福岡県社会保険医療協会　社会保険仲原病院,-,-,-,-,-,-
1550,医療法人社団　誠和会　牟田病院,-,-,-,-,-,-
1551,医療法人恵光会　原病院,-,-,-,-,-,-
1552,医療法人　社団誠心会　萩原中央病院,-,-,-,-,-,-
1553,山元記念病院,-,-,-,-,-,-
1554,社会保険浦之崎病院,-,-,-,-,-,-
1555,医療法人社団　中津胃腸病院,-,-,-,-,-,-
1556,都城市郡医師会病院,-,-,-,86,-,-
1557,医療法人　潤愛会　鮫島病院,-,-,-,-,-,-
1558,垂水市立医療センター　垂水中央病院,-,-,-,-,-,-
1559,医療法人　徳洲会　名瀬徳洲会病院,-,-,-,14,-,-
1560,医療法人八重瀬会　同仁病院,-,-,-,-,-,-
1561,医療法人　麻生整形外科病院,-,-,-,-,-,-
1562,特定医療法人　札幌白石脳神経外科病院,-,-,-,-,-,-
1563,医療法人潤和会　札幌ひばりが丘病院,-,-,-,-,-,-
1564,総合病院　浦河赤十字病院,-,-,-,-,-,-
1565,北村山公立病院,-,-,-,-,-,-
1566,医療法人　恒貴会　協和中央病院,-,-,-,-,-,-
1567,（医）社団善仁会　小山記念病院,-,-,-,30,-,-
1568,医療法人社団　高裕会　深川立川病院,-,-,-,-,-,-
1569,綾瀬循環器病院,-,-,-,136,20,-
1570,医療法人社団　明芳会イムス葛飾ハートセンター,-,-,-,98,19,-
1571,相模原中央病院,-,-,-,-,-,-
1573,南部郷総合病院,-,-,-,-,-,-
1574,西能病院,-,-,-,-,-,-
1576,公立森町病院,-,-,-,-,-,-
1577,総合青山病院,-,-,-,-,-,-
1578,医療法人生登会　寺元記念病院,-,-,-,-,-,-
1579,医療法人敬仁会　今里胃腸病院,-,-,-,-,-,-
1580,医療法人　野上病院,-,-,-,-,-,-
1581,医療法人　青心会　郡山青藍病院,-,-,-,-,-,-
1582,医療法人十字会　野島病院,-,-,-,-,-,-
1583,近藤内科病院,-,-,-,-,-,-
1584,さぬき市民病院,-,-,-,-,-,-
1587,遠賀中間医師会おんが病院,-,-,-,-,-,-
1588,独立行政法人　国立病院機構　都城病院,-,-,-,-,-,-
1589,医療法人サンプラザ　新札幌循環器病院,-,-,-,30,-,-
1590,医療法人社団　朋仁会　整形外科　北新病院,-,-,-,-,-,-
1591,財団法人北海道石炭同交振興会　同交会病院,-,-,-,-,-,-
1592,社会医療法人社団即仁会　北広島病院,-,-,-,-,-,-
1593,市立小樽病院,-,-,-,-,-,-
1594,小樽市立脳・循環器・こころの医療センター,-,-,-,28,-,-
1595,独立行政法人国立病院機構　北海道医療センター,-,-,-,23,-,-
1596,独立行政法人国立病院機構　弘前病院,-,-,-,-,-,-
1597,秋田社会保険病院,-,-,-,-,-,-
1598,大館市立総合病院,12,-,-,-,-,-
1599,総合病院水戸協同病院,12,-,-,30,-,-
1600,社会医療法人博愛会菅間記念病院,-,-,-,27,-,-
1601,医療法人　卓和会　藤井脳神経外科病院,-,-,-,-,-,-
1602,独立行政法人国立病院機構　栃木病院,-,-,-,-,-,-
1603,メディカルトピア草加病院,-,-,-,-,-,-
1604,さんむ医療センター,-,-,-,-,-,-
1605,医療法人社団　緑眞会世田谷下田総合病院,-,-,-,-,-,-
1607,医療法人社団　けいせい会　東京北部病院,-,-,-,-,-,-
1608,独立行政法人　国立国際医療研究センター病院,12,-,-,40,-,-
1609,社会福祉法人　相模更生会　総合相模更生病院,-,-,-,-,-,-
1610,大和市立病院,-,-,-,16,-,-
1611,社会福祉法人新潟市社会事業協会　信楽園病院,-,-,-,28,-,-
1612,新潟県厚生農業協同組合連合会　柏崎総合医療センター,-,-,-,19,-,-
1613,輝山会記念病院,-,-,-,-,-,-
1614,瀬口脳神経外科病院,-,-,-,-,-,-
1615,医療法人社団誠広会　岐阜中央病院,-,-,-,-,-,-
1616,医療法人社団宏和会岡村記念病院,12,-,-,83,-,-
1617,市立御前崎総合病院,-,-,-,-,-,-
1618,医療法人　光生会病院,-,-,-,-,-,-
1619,医療法人　愛整会　北斗病院,-,-,-,-,-,-
1620,蒲郡市民病院,-,-,-,33,-,-
1621,愛知県厚生農業協同組合連合会　江南厚生病院,12,-,-,74,-,-
1622,医療法人社団　岡波総合病院,-,-,-,23,-,-
1623,医療法人美杉会　男山病院,-,-,-,-,-,-
1624,泉大津市立病院,-,-,-,-,-,-
1625,医療法人さくら会　さくら会病院,-,-,-,-,-,-
1626,医療法人敬愛会　大塚病院,-,-,-,-,-,-
1627,三木山陽病院,-,-,-,-,-,-
1628,井野病院,-,-,-,-,-,-
1629,医療法人社団松下会白庭病院,-,-,-,-,-,-
1631,有田市立病院,-,-,-,25,-,-
1632,鳥取県中部医師会立三朝温泉病院,-,-,-,-,-,-
1633,医療法人創生会　渡辺胃腸科外科病院,-,-,-,-,-,-
1634,医療法人社団曙会　シムラ病院,-,-,-,-,-,-
1635,社会医療法人　里仁会興生総合病院,-,-,-,31,-,-
1636,社会医療法人社団陽正会　寺岡記念病院,-,-,-,-,-,-
1637,徳島県立三好病院,-,-,-,15,-,-
1638,愛媛県立中央病院,-,-,-,97,-,-
1639,土佐市立土佐市民病院,-,-,-,-,-,-
1640,医療法人臼井会　田野病院,-,-,-,-,-,-
1641,糸島医師会病院,-,-,-,-,-,-
1642,医療法人　弘恵会　ヨコクラ病院,-,-,-,14,-,-
1643,杉循環器科内科病院,-,-,-,37,-,-
1644,社団法人　巨樹の会　新武雄病院,-,-,-,-,-,-
1645,聖陵岩里病院,-,-,-,-,-,-
1646,徳田脳神経外科病院,-,-,-,-,-,-
1647,いちき串木野市医師会立　脳神経外科センター,-,-,-,-,-,-
1648,県立　薩南病院,-,-,-,-,-,-
